k,view,SNF_fused,naive_concatenation,baseline_ari,fused_minus_concat,fused_minus_baseline,concat_minus_baseline
2,dorothea_AC__viper,0.4113403888287661,0.4101907545669643,0.4021180623382205,0.001149634261801813,0.009222326490545607,0.008072692228743794
3,dorothea_AC__viper,0.32635449699892727,0.3142383033422152,0.3053098462032744,0.012116193656712071,0.021044650795652875,0.008928457138940804
2,dorothea_AB__viper,0.4375607343718472,0.403521149896016,0.4021180623382205,0.03403958447583122,0.03544267203362672,0.0014030875577955015
3,dorothea_AB__viper,0.3368166503092461,0.3055895957901225,0.3053098462032744,0.03122705451912361,0.03150680410597173,2.7974958684812146e-4
2,collectri__viper,0.4105125156401721,0.4157781065757741,0.4021180623382205,-0.0052655909356019714,0.008394453301951599,0.01366004423755357
3,collectri__viper,0.33150804075507323,0.30580167489774307,0.3053098462032744,0.02570636585733016,0.026198194551798837,4.918286944686767e-4
2,dorothea_AC_edgeperm__viper,0.41451236470970504,0.41072196088215207,0.4021180623382205,0.0037904038275529683,0.012394302371484534,0.008603898543931565
3,dorothea_AC_edgeperm__viper,0.3303865556664355,0.30602357631219895,0.3053098462032744,0.024362979354236536,0.025076709463161095,7.137301089245596e-4
2,dorothea_AB_edgeperm__viper,0.435720420533386,0.403521149896016,0.4021180623382205,0.03219927063736999,0.033602358195165494,0.0014030875577955015
3,dorothea_AB_edgeperm__viper,0.2895670667228613,0.30601541661774195,0.3053098462032744,-0.016448349894880643,-0.015742779480413083,7.055704144675601e-4
2,collectri_edgeperm__viper,0.386389565981592,0.4246248313974113,0.4021180623382205,-0.038235265415819286,-0.015728496356628485,0.0225067690591908
3,collectri_edgeperm__viper,0.3046924207080365,0.29321871651664394,0.3053098462032744,0.011473704191392542,-6.17425495237911e-4,-0.012091129686630453
2,dorothea_AC__ulm,0.409639494093882,0.4101907545669643,0.4021180623382205,-5.512604730822934e-4,0.007521431755661501,0.008072692228743794
3,dorothea_AC__ulm,0.3232894929370575,0.3142383033422152,0.3053098462032744,0.009051189594842302,0.017979646733783106,0.008928457138940804
2,dorothea_AB__ulm,0.43895771344082046,0.403521149896016,0.4021180623382205,0.035436563544804456,0.03683965110259996,0.0014030875577955015
3,dorothea_AB__ulm,0.3324907906492952,0.30556006693022925,0.3053098462032744,0.026930723719065963,0.027180944446020816,2.5022072695485287e-4
2,collectri__ulm,0.4091109048061231,0.4160152083271422,0.4021180623382205,-0.006904303521019117,0.006992842467902605,0.013897145988921722
3,collectri__ulm,0.32498735122790423,0.304065547092837,0.3053098462032744,0.020921804135067223,0.019677505024629838,-0.0012442991104373857
2,dorothea_AC_edgeperm__ulm,0.41480904147442343,0.4087883627133614,0.4021180623382205,0.006020678761062048,0.012690979136202929,0.006670300375140881
3,dorothea_AC_edgeperm__ulm,0.3280272653716796,0.30681168547121646,0.3053098462032744,0.021215579900463133,0.022717419168405195,0.0015018392679420622
2,dorothea_AB_edgeperm__ulm,0.4321020718922215,0.403521149896016,0.4021180623382205,0.02858092199620549,0.02998400955400099,0.0014030875577955015
3,dorothea_AB_edgeperm__ulm,0.29051589023234387,0.3056535182175904,0.3053098462032744,-0.015137627985246538,-0.014793955970930528,3.436720143160099e-4
2,collectri_edgeperm__ulm,0.3827935377372664,0.4246248313974113,0.4021180623382205,-0.04183129366014493,-0.01932452460095413,0.0225067690591908
3,collectri_edgeperm__ulm,0.2968210784954235,0.29396374393135716,0.3053098462032744,0.0028573345640663383,-0.008488767707850897,-0.011346102271917236
2,dorothea_AC__mlm,0.3812966485861705,0.40448645364696034,0.4021180623382205,-0.023189805060789825,-0.02082141375204999,0.0023683913087398367
3,dorothea_AC__mlm,0.3265494535214023,0.31047461168674195,0.3053098462032744,0.016074841834660347,0.021239607318127907,0.005164765483467559
2,dorothea_AB__mlm,0.3798289598975094,0.40499519676261087,0.4021180623382205,-0.025166236865101443,-0.022289102440711084,0.0028771344243903596
3,dorothea_AB__mlm,0.31865822077919403,0.3087456104827378,0.3053098462032744,0.009912610296456237,0.013348374575919641,0.0034357642794634047
2,dorothea_AC_edgeperm__mlm,0.3909641505153824,0.40875109834425766,0.4021180623382205,-0.017786947828875244,-0.011153911822838092,0.006633036006037152
3,dorothea_AC_edgeperm__mlm,0.34104317360333064,0.3102030748341273,0.3053098462032744,0.03084009876920335,0.03573332740005625,0.004893228630852897
2,dorothea_AB_edgeperm__mlm,0.419696880521105,0.4049332745027021,0.4021180623382205,0.014763606018402875,0.01757881818288448,0.0028152121644816064
3,dorothea_AB_edgeperm__mlm,0.3228558751243547,0.30466394666340946,0.3053098462032744,0.01819192846094525,0.017546028921080314,-6.458995398649359e-4
2,collectri_edgeperm__mlm,0.3735829091996733,0.4116519138620977,0.4021180623382205,-0.03806900466242441,-0.02853515313854721,0.009533851523877201
3,collectri_edgeperm__mlm,0.3238077719862391,0.3126827014104472,0.3053098462032744,0.011125070575791929,0.01849792578296472,0.00737285520717279
2,dorothea_AC__norm_wsum,0.4122343304340487,0.4101907545669643,0.4021180623382205,0.002043575867084424,0.010116268095828218,0.008072692228743794
3,dorothea_AC__norm_wsum,0.323388841556725,0.3137783934675235,0.3053098462032744,0.009610448089201473,0.01807899535345059,0.008468547264249116
2,dorothea_AB__norm_wsum,0.4364652431233694,0.403521149896016,0.4021180623382205,0.032944093227353366,0.03434718078514887,0.0014030875577955015
3,dorothea_AB__norm_wsum,0.3337397038332585,0.30556006693022925,0.3053098462032744,0.02817963690302927,0.028429857629984123,2.5022072695485287e-4
2,collectri__norm_wsum,0.4094317583909457,0.41771597277767,0.4021180623382205,-0.008284214386724276,0.007313696052725194,0.01559791043944947
3,collectri__norm_wsum,0.32598043576729047,0.3053035257077729,0.3053098462032744,0.02067691005951755,0.020670589564016073,-6.320495501477286e-6
2,dorothea_AC_edgeperm__norm_wsum,0.4165596201905923,0.4087883627133614,0.4021180623382205,0.007771257477230897,0.014441557852371778,0.006670300375140881
3,dorothea_AC_edgeperm__norm_wsum,0.32880026923512257,0.3068166816915637,0.3053098462032744,0.02198358754355889,0.023490423031848173,0.001506835488289282
2,dorothea_AB_edgeperm__norm_wsum,0.4295931820678601,0.403521149896016,0.4021180623382205,0.026072032171844117,0.02747511972963962,0.0014030875577955015
3,dorothea_AB_edgeperm__norm_wsum,0.29498552415317625,0.30601541661774195,0.3053098462032744,-0.011029892464565705,-0.010324322050098145,7.055704144675601e-4
2,collectri_edgeperm__norm_wsum,0.3827935377372664,0.4246248313974113,0.4021180623382205,-0.04183129366014493,-0.01932452460095413,0.0225067690591908
3,collectri_edgeperm__norm_wsum,0.2984957202388043,0.29396374393135716,0.3053098462032744,0.0045319763074471164,-0.006814125964470119,-0.011346102271917236
2,dorothea_AC__consensus,0.41794174902128023,0.40875109834425766,0.4021180623382205,0.009190650677022572,0.015823686683059723,0.006633036006037152
3,dorothea_AC__consensus,0.3334933964819755,0.31325232316245283,0.3053098462032744,0.020241073319522684,0.02818355027870112,0.007942476959178435
2,dorothea_AB__consensus,0.4350733647066638,0.403521149896016,0.4021180623382205,0.031552214810647794,0.032955302368443296,0.0014030875577955015
3,dorothea_AB__consensus,0.32991317311216134,0.3062955314925698,0.3053098462032744,0.023617641619591567,0.024603326908886947,9.856852892953794e-4
2,collectri__consensus,0.4122482932241733,0.4157781065757741,0.4021180623382205,-0.003529813351600797,0.010130230885952773,0.01366004423755357
3,collectri__consensus,0.3264670949951274,0.3056365449288648,0.3053098462032744,0.02083055006626261,0.02115724879185299,3.266987255903797e-4
2,dorothea_AC_edgeperm__consensus,0.4091109048061231,0.4087883627133614,0.4021180623382205,3.2254209276172396e-4,0.006992842467902605,0.006670300375140881
3,dorothea_AC_edgeperm__consensus,0.33165143346497655,0.3113302049621961,0.3053098462032744,0.020321228502780453,0.02634158726170216,0.006020358758921707
2,dorothea_AB_edgeperm__consensus,0.4323007615774082,0.403521149896016,0.4021180623382205,0.028779611681392203,0.030182699239187705,0.0014030875577955015
3,dorothea_AB_edgeperm__consensus,0.2985197141387905,0.304777402402457,0.3053098462032744,-0.006257688263666461,-0.006790132064483867,-5.324438008174059e-4
2,collectri_edgeperm__consensus,0.38019260182398407,0.4128768747364375,0.4021180623382205,-0.03268427291245346,-0.02192546051423644,0.010758812398217021
3,collectri_edgeperm__consensus,0.30340483759475556,0.3004169206052003,0.3053098462032744,0.0029879169895552504,-0.0019050086085188322,-0.004892925598074083
