view_a,view_b,n_shared_TFs,median_per_TF_spearman
dorothea_AC__viper,dorothea_AB__viper,111,1
dorothea_AC__viper,collectri__viper,220,0.42968973669360666
dorothea_AC__viper,dorothea_AC_edgeperm__viper,261,0.24258478174120432
dorothea_AC__viper,dorothea_AB_edgeperm__viper,108,0.21357333188070587
dorothea_AC__viper,collectri_edgeperm__viper,217,0.2145025259814055
dorothea_AC__viper,dorothea_AC__ulm,263,0.9968315142891561
dorothea_AC__viper,dorothea_AB__ulm,111,0.9953450724397396
dorothea_AC__viper,collectri__ulm,220,0.4513403824151406
dorothea_AC__viper,dorothea_AC_edgeperm__ulm,261,0.24114636982371235
dorothea_AC__viper,dorothea_AB_edgeperm__ulm,108,0.2051537442233839
dorothea_AC__viper,collectri_edgeperm__ulm,217,0.21881489181977598
dorothea_AC__viper,dorothea_AC__mlm,263,0.8342328929812686
dorothea_AC__viper,dorothea_AB__mlm,111,0.8673232311138173
dorothea_AC__viper,dorothea_AC_edgeperm__mlm,261,0.05035008382159956
dorothea_AC__viper,dorothea_AB_edgeperm__mlm,108,0.09675925460470405
dorothea_AC__viper,collectri_edgeperm__mlm,217,0.01049143714513375
dorothea_AC__viper,dorothea_AC__norm_wsum,263,0.9932386468848545
dorothea_AC__viper,dorothea_AB__norm_wsum,111,0.9904705964504098
dorothea_AC__viper,collectri__norm_wsum,220,0.4465698905429384
dorothea_AC__viper,dorothea_AC_edgeperm__norm_wsum,261,0.2383416137362498
dorothea_AC__viper,dorothea_AB_edgeperm__norm_wsum,108,0.20910675385843497
dorothea_AC__viper,collectri_edgeperm__norm_wsum,217,0.23142391428133238
dorothea_AC__viper,dorothea_AC__consensus,263,0.9861945615310498
dorothea_AC__viper,dorothea_AB__consensus,111,0.9871682758597998
dorothea_AC__viper,collectri__consensus,220,0.44848571866776976
dorothea_AC__viper,dorothea_AC_edgeperm__consensus,261,0.20232342396473332
dorothea_AC__viper,dorothea_AB_edgeperm__consensus,108,0.18083217729415357
dorothea_AC__viper,collectri_edgeperm__consensus,217,0.1795143428984341
dorothea_AB__viper,collectri__viper,109,0.6465216732440101
dorothea_AB__viper,dorothea_AC_edgeperm__viper,110,0.1889553229320578
dorothea_AB__viper,dorothea_AB_edgeperm__viper,108,0.21357333188070587
dorothea_AB__viper,collectri_edgeperm__viper,109,0.29441182938378924
dorothea_AB__viper,dorothea_AC__ulm,111,0.9953717699528036
dorothea_AB__viper,dorothea_AB__ulm,111,0.9953717699528036
dorothea_AB__viper,collectri__ulm,109,0.6726677149469698
dorothea_AB__viper,dorothea_AC_edgeperm__ulm,110,0.1818010475003688
dorothea_AB__viper,dorothea_AB_edgeperm__ulm,108,0.2051537442233839
dorothea_AB__viper,collectri_edgeperm__ulm,109,0.31349892433060167
dorothea_AB__viper,dorothea_AC__mlm,111,0.8400910183204715
dorothea_AB__viper,dorothea_AB__mlm,111,0.8673232311138173
dorothea_AB__viper,dorothea_AC_edgeperm__mlm,110,0.046665717340514584
dorothea_AB__viper,dorothea_AB_edgeperm__mlm,108,0.09675925460470405
dorothea_AB__viper,collectri_edgeperm__mlm,109,0.018842923751500533
dorothea_AB__viper,dorothea_AC__norm_wsum,111,0.9907337602619994
dorothea_AB__viper,dorothea_AB__norm_wsum,111,0.9907337602619994
dorothea_AB__viper,collectri__norm_wsum,109,0.6769574962065037
dorothea_AB__viper,dorothea_AC_edgeperm__norm_wsum,110,0.1848106368522197
dorothea_AB__viper,dorothea_AB_edgeperm__norm_wsum,108,0.20910675385843497
dorothea_AB__viper,collectri_edgeperm__norm_wsum,109,0.30309745076680633
dorothea_AB__viper,dorothea_AC__consensus,111,0.9849575645726104
dorothea_AB__viper,dorothea_AB__consensus,111,0.987595244131894
dorothea_AB__viper,collectri__consensus,109,0.6794207233755601
dorothea_AB__viper,dorothea_AC_edgeperm__consensus,110,0.15769696796316712
dorothea_AB__viper,dorothea_AB_edgeperm__consensus,108,0.18083217729415357
dorothea_AB__viper,collectri_edgeperm__consensus,109,0.2647733124310969
collectri__viper,dorothea_AC_edgeperm__viper,224,0.26107685849330975
collectri__viper,dorothea_AB_edgeperm__viper,110,0.2880648955214168
collectri__viper,collectri_edgeperm__viper,535,0.2751601622287497
collectri__viper,dorothea_AC__ulm,220,0.4289057108914337
collectri__viper,dorothea_AB__ulm,109,0.6566212208760842
collectri__viper,collectri__ulm,552,0.9854000660263041
collectri__viper,dorothea_AC_edgeperm__ulm,224,0.2600898182576623
collectri__viper,dorothea_AB_edgeperm__ulm,110,0.2865713428657134
collectri__viper,collectri_edgeperm__ulm,535,0.2774193878601171
collectri__viper,dorothea_AC__mlm,220,0.24332848707816604
collectri__viper,dorothea_AB__mlm,109,0.4278193021648475
collectri__viper,dorothea_AC_edgeperm__mlm,224,0.07263043348315991
collectri__viper,dorothea_AB_edgeperm__mlm,110,0.10804300282951596
collectri__viper,collectri_edgeperm__mlm,535,0.023062392115450248
collectri__viper,dorothea_AC__norm_wsum,220,0.4281867014395453
collectri__viper,dorothea_AB__norm_wsum,109,0.6543932626847004
collectri__viper,collectri__norm_wsum,552,0.9806661792687277
collectri__viper,dorothea_AC_edgeperm__norm_wsum,224,0.25493991734281785
collectri__viper,dorothea_AB_edgeperm__norm_wsum,110,0.29056236972280836
collectri__viper,collectri_edgeperm__norm_wsum,535,0.28002133973074356
collectri__viper,dorothea_AC__consensus,220,0.4021829946804223
collectri__viper,dorothea_AB__consensus,109,0.6188169482868897
collectri__viper,collectri__consensus,552,0.9906428038533389
collectri__viper,dorothea_AC_edgeperm__consensus,224,0.2267014937286721
collectri__viper,dorothea_AB_edgeperm__consensus,110,0.24912767863981428
collectri__viper,collectri_edgeperm__consensus,535,0.23341433681129148
dorothea_AC_edgeperm__viper,dorothea_AB_edgeperm__viper,111,0.22618072744827894
dorothea_AC_edgeperm__viper,collectri_edgeperm__viper,221,0.3097596821670667
dorothea_AC_edgeperm__viper,dorothea_AC__ulm,261,0.24185088803733887
dorothea_AC_edgeperm__viper,dorothea_AB__ulm,110,0.19003415014988448
dorothea_AC_edgeperm__viper,collectri__ulm,224,0.2754046350392383
dorothea_AC_edgeperm__viper,dorothea_AC_edgeperm__ulm,268,0.9965596584765655
dorothea_AC_edgeperm__viper,dorothea_AB_edgeperm__ulm,111,0.2301964410505933
dorothea_AC_edgeperm__viper,collectri_edgeperm__ulm,221,0.31449267321896696
dorothea_AC_edgeperm__viper,dorothea_AC__mlm,261,0.07412489098439333
dorothea_AC_edgeperm__viper,dorothea_AB__mlm,110,0.08303611594964819
dorothea_AC_edgeperm__viper,dorothea_AC_edgeperm__mlm,268,0.8465466296149179
dorothea_AC_edgeperm__viper,dorothea_AB_edgeperm__mlm,111,0.10250898127737501
dorothea_AC_edgeperm__viper,collectri_edgeperm__mlm,221,0.03313296641085434
dorothea_AC_edgeperm__viper,dorothea_AC__norm_wsum,261,0.24197977825617803
dorothea_AC_edgeperm__viper,dorothea_AB__norm_wsum,110,0.19333599546809488
dorothea_AC_edgeperm__viper,collectri__norm_wsum,224,0.27378679408110373
dorothea_AC_edgeperm__viper,dorothea_AC_edgeperm__norm_wsum,268,0.9915851376471129
dorothea_AC_edgeperm__viper,dorothea_AB_edgeperm__norm_wsum,111,0.22310205908111203
dorothea_AC_edgeperm__viper,collectri_edgeperm__norm_wsum,221,0.32566417946870757
dorothea_AC_edgeperm__viper,dorothea_AC__consensus,261,0.21727811679526746
dorothea_AC_edgeperm__viper,dorothea_AB__consensus,110,0.18854959568028573
dorothea_AC_edgeperm__viper,collectri__consensus,224,0.2748359944627109
dorothea_AC_edgeperm__viper,dorothea_AC_edgeperm__consensus,268,0.9877588977848102
dorothea_AC_edgeperm__viper,dorothea_AB_edgeperm__consensus,111,0.19274156679396048
dorothea_AC_edgeperm__viper,collectri_edgeperm__consensus,221,0.2641832251875361
dorothea_AB_edgeperm__viper,collectri_edgeperm__viper,110,0.37290094573723614
dorothea_AB_edgeperm__viper,dorothea_AC__ulm,108,0.21290204160571147
dorothea_AB_edgeperm__viper,dorothea_AB__ulm,108,0.21290204160571147
dorothea_AB_edgeperm__viper,collectri__ulm,110,0.2981719469734928
dorothea_AB_edgeperm__viper,dorothea_AC_edgeperm__ulm,111,0.21624145629312752
dorothea_AB_edgeperm__viper,dorothea_AB_edgeperm__ulm,112,0.9958659390002498
dorothea_AB_edgeperm__viper,collectri_edgeperm__ulm,110,0.38886808759709035
dorothea_AB_edgeperm__viper,dorothea_AC__mlm,108,0.08126176870429959
dorothea_AB_edgeperm__viper,dorothea_AB__mlm,108,0.07063671603589183
dorothea_AB_edgeperm__viper,dorothea_AC_edgeperm__mlm,111,0.051466005136232264
dorothea_AB_edgeperm__viper,dorothea_AB_edgeperm__mlm,112,0.9114631224263314
dorothea_AB_edgeperm__viper,collectri_edgeperm__mlm,110,0.01826346158802767
dorothea_AB_edgeperm__viper,dorothea_AC__norm_wsum,108,0.2204514192090846
dorothea_AB_edgeperm__viper,dorothea_AB__norm_wsum,108,0.2204514192090846
dorothea_AB_edgeperm__viper,collectri__norm_wsum,110,0.3030713747638033
dorothea_AB_edgeperm__viper,dorothea_AC_edgeperm__norm_wsum,111,0.23820417775407104
dorothea_AB_edgeperm__viper,dorothea_AB_edgeperm__norm_wsum,112,0.9907598956740523
dorothea_AB_edgeperm__viper,collectri_edgeperm__norm_wsum,110,0.3832112446890594
dorothea_AB_edgeperm__viper,dorothea_AC__consensus,108,0.18207159631386038
dorothea_AB_edgeperm__viper,dorothea_AB__consensus,108,0.18369364160476093
dorothea_AB_edgeperm__viper,collectri__consensus,110,0.3009698028157868
dorothea_AB_edgeperm__viper,dorothea_AC_edgeperm__consensus,111,0.18940333571761656
dorothea_AB_edgeperm__viper,dorothea_AB_edgeperm__consensus,112,0.9915179460116146
dorothea_AB_edgeperm__viper,collectri_edgeperm__consensus,110,0.33087368137043704
collectri_edgeperm__viper,dorothea_AC__ulm,217,0.21588846599800712
collectri_edgeperm__viper,dorothea_AB__ulm,109,0.29909601361618865
collectri_edgeperm__viper,collectri__ulm,535,0.2802279461267767
collectri_edgeperm__viper,dorothea_AC_edgeperm__ulm,221,0.30029858074521615
collectri_edgeperm__viper,dorothea_AB_edgeperm__ulm,110,0.3749560921421569
collectri_edgeperm__viper,collectri_edgeperm__ulm,558,0.9853525022269254
collectri_edgeperm__viper,dorothea_AC__mlm,217,0.0637029532878522
collectri_edgeperm__viper,dorothea_AB__mlm,109,0.09659525820726886
collectri_edgeperm__viper,dorothea_AC_edgeperm__mlm,221,0.07678352822852998
collectri_edgeperm__viper,dorothea_AB_edgeperm__mlm,110,0.12596051637980626
collectri_edgeperm__viper,collectri_edgeperm__mlm,558,0.67571602528961
collectri_edgeperm__viper,dorothea_AC__norm_wsum,217,0.21212541451522124
collectri_edgeperm__viper,dorothea_AB__norm_wsum,109,0.3049557749892287
collectri_edgeperm__viper,collectri__norm_wsum,535,0.2819424547490406
collectri_edgeperm__viper,dorothea_AC_edgeperm__norm_wsum,221,0.30375640680904487
collectri_edgeperm__viper,dorothea_AB_edgeperm__norm_wsum,110,0.3694994714422525
collectri_edgeperm__viper,collectri_edgeperm__norm_wsum,558,0.9807076239359611
collectri_edgeperm__viper,dorothea_AC__consensus,217,0.18384385510260676
collectri_edgeperm__viper,dorothea_AB__consensus,109,0.2513831889205961
collectri_edgeperm__viper,collectri__consensus,535,0.2838359491290359
collectri_edgeperm__viper,dorothea_AC_edgeperm__consensus,221,0.25001237593336734
collectri_edgeperm__viper,dorothea_AB_edgeperm__consensus,110,0.32792991267600846
collectri_edgeperm__viper,collectri_edgeperm__consensus,558,0.9675187965664129
dorothea_AC__ulm,dorothea_AB__ulm,111,1
dorothea_AC__ulm,collectri__ulm,220,0.44707843658047364
dorothea_AC__ulm,dorothea_AC_edgeperm__ulm,261,0.24062626644099758
dorothea_AC__ulm,dorothea_AB_edgeperm__ulm,108,0.20902933472649077
dorothea_AC__ulm,collectri_edgeperm__ulm,217,0.22785262607194492
dorothea_AC__ulm,dorothea_AC__mlm,263,0.8389151212849465
dorothea_AC__ulm,dorothea_AB__mlm,111,0.8689611660406171
dorothea_AC__ulm,dorothea_AC_edgeperm__mlm,261,0.049496302654926466
dorothea_AC__ulm,dorothea_AB_edgeperm__mlm,108,0.09566094121849242
dorothea_AC__ulm,collectri_edgeperm__mlm,217,0.005343222533322536
dorothea_AC__ulm,dorothea_AC__norm_wsum,263,0.9971411908169329
dorothea_AC__ulm,dorothea_AB__norm_wsum,111,0.9963691016638738
dorothea_AC__ulm,collectri__norm_wsum,220,0.4554230774363148
dorothea_AC__ulm,dorothea_AC_edgeperm__norm_wsum,261,0.23725197864125835
dorothea_AC__ulm,dorothea_AB_edgeperm__norm_wsum,108,0.21271362808874505
dorothea_AC__ulm,collectri_edgeperm__norm_wsum,217,0.23286164984964028
dorothea_AC__ulm,dorothea_AC__consensus,263,0.9892547399739002
dorothea_AC__ulm,dorothea_AB__consensus,111,0.9907806385723402
dorothea_AC__ulm,collectri__consensus,220,0.44816694747344277
dorothea_AC__ulm,dorothea_AC_edgeperm__consensus,261,0.19770353860409207
dorothea_AC__ulm,dorothea_AB_edgeperm__consensus,108,0.18433693193751924
dorothea_AC__ulm,collectri_edgeperm__consensus,217,0.18294102948023297
dorothea_AB__ulm,collectri__ulm,109,0.675903835576223
dorothea_AB__ulm,dorothea_AC_edgeperm__ulm,110,0.19018285100191992
dorothea_AB__ulm,dorothea_AB_edgeperm__ulm,108,0.20902933472649077
dorothea_AB__ulm,collectri_edgeperm__ulm,109,0.3061888875097865
dorothea_AB__ulm,dorothea_AC__mlm,111,0.84995398083592
dorothea_AB__ulm,dorothea_AB__mlm,111,0.8689611660406171
dorothea_AB__ulm,dorothea_AC_edgeperm__mlm,110,0.048831163501565744
dorothea_AB__ulm,dorothea_AB_edgeperm__mlm,108,0.09566094121849242
dorothea_AB__ulm,collectri_edgeperm__mlm,109,0.03289777055201244
dorothea_AB__ulm,dorothea_AC__norm_wsum,111,0.9963691016638738
dorothea_AB__ulm,dorothea_AB__norm_wsum,111,0.9963691016638738
dorothea_AB__ulm,collectri__norm_wsum,109,0.6763760187052593
dorothea_AB__ulm,dorothea_AC_edgeperm__norm_wsum,110,0.19029597954281352
dorothea_AB__ulm,dorothea_AB_edgeperm__norm_wsum,108,0.21271362808874505
dorothea_AB__ulm,collectri_edgeperm__norm_wsum,109,0.3040376583913821
dorothea_AB__ulm,dorothea_AC__consensus,111,0.9895079687643666
dorothea_AB__ulm,dorothea_AB__consensus,111,0.9907806385723402
dorothea_AB__ulm,collectri__consensus,109,0.678241426314407
dorothea_AB__ulm,dorothea_AC_edgeperm__consensus,110,0.15887310720481881
dorothea_AB__ulm,dorothea_AB_edgeperm__consensus,108,0.18433693193751924
dorothea_AB__ulm,collectri_edgeperm__consensus,109,0.2693191466959337
collectri__ulm,dorothea_AC_edgeperm__ulm,224,0.2701084004945027
collectri__ulm,dorothea_AB_edgeperm__ulm,110,0.2953800323806742
collectri__ulm,collectri_edgeperm__ulm,535,0.2882676540389837
collectri__ulm,dorothea_AC__mlm,220,0.24674939727233858
collectri__ulm,dorothea_AB__mlm,109,0.4251608020185184
collectri__ulm,dorothea_AC_edgeperm__mlm,224,0.07142798974215925
collectri__ulm,dorothea_AB_edgeperm__mlm,110,0.11282073346595871
collectri__ulm,collectri_edgeperm__mlm,535,0.023049468362121742
collectri__ulm,dorothea_AC__norm_wsum,220,0.44157283540384534
collectri__ulm,dorothea_AB__norm_wsum,109,0.6786124129817366
collectri__ulm,collectri__norm_wsum,552,0.9955995853796704
collectri__ulm,dorothea_AC_edgeperm__norm_wsum,224,0.2681392189848657
collectri__ulm,dorothea_AB_edgeperm__norm_wsum,110,0.2940558275068288
collectri__ulm,collectri_edgeperm__norm_wsum,535,0.2899289321524886
collectri__ulm,dorothea_AC__consensus,220,0.41440620106179515
collectri__ulm,dorothea_AB__consensus,109,0.6299606876606672
collectri__ulm,collectri__consensus,552,0.998482145613685
collectri__ulm,dorothea_AC_edgeperm__consensus,224,0.23180497763751962
collectri__ulm,dorothea_AB_edgeperm__consensus,110,0.26545663989359747
collectri__ulm,collectri_edgeperm__consensus,535,0.23689744371083912
dorothea_AC_edgeperm__ulm,dorothea_AB_edgeperm__ulm,111,0.22076986999654696
dorothea_AC_edgeperm__ulm,collectri_edgeperm__ulm,221,0.31354039184746973
dorothea_AC_edgeperm__ulm,dorothea_AC__mlm,261,0.07626566411000582
dorothea_AC_edgeperm__ulm,dorothea_AB__mlm,110,0.08658412495130743
dorothea_AC_edgeperm__ulm,dorothea_AC_edgeperm__mlm,268,0.8493730425860522
dorothea_AC_edgeperm__ulm,dorothea_AB_edgeperm__mlm,111,0.09966358025988992
dorothea_AC_edgeperm__ulm,collectri_edgeperm__mlm,221,0.031929860030450334
dorothea_AC_edgeperm__ulm,dorothea_AC__norm_wsum,261,0.24325096740782962
dorothea_AC_edgeperm__ulm,dorothea_AB__norm_wsum,110,0.19383093683319053
dorothea_AC_edgeperm__ulm,collectri__norm_wsum,224,0.2667285145342869
dorothea_AC_edgeperm__ulm,dorothea_AC_edgeperm__norm_wsum,268,0.9952835246639871
dorothea_AC_edgeperm__ulm,dorothea_AB_edgeperm__norm_wsum,111,0.22333166134940435
dorothea_AC_edgeperm__ulm,collectri_edgeperm__norm_wsum,221,0.321086922386372
dorothea_AC_edgeperm__ulm,dorothea_AC__consensus,261,0.21512803929844673
dorothea_AC_edgeperm__ulm,dorothea_AB__consensus,110,0.18451727039361876
dorothea_AC_edgeperm__ulm,collectri__consensus,224,0.2659380725547189
dorothea_AC_edgeperm__ulm,dorothea_AC_edgeperm__consensus,268,0.9901234602316734
dorothea_AC_edgeperm__ulm,dorothea_AB_edgeperm__consensus,111,0.19077070355121709
dorothea_AC_edgeperm__ulm,collectri_edgeperm__consensus,221,0.26326044726423153
dorothea_AB_edgeperm__ulm,collectri_edgeperm__ulm,110,0.3897527249103243
dorothea_AB_edgeperm__ulm,dorothea_AC__mlm,108,0.08003792856546155
dorothea_AB_edgeperm__ulm,dorothea_AB__mlm,108,0.06925597659612467
dorothea_AB_edgeperm__ulm,dorothea_AC_edgeperm__mlm,111,0.053350140305896285
dorothea_AB_edgeperm__ulm,dorothea_AB_edgeperm__mlm,112,0.9157083971675958
dorothea_AB_edgeperm__ulm,collectri_edgeperm__mlm,110,0.018173470587127757
dorothea_AB_edgeperm__ulm,dorothea_AC__norm_wsum,108,0.20642952158166267
dorothea_AB_edgeperm__ulm,dorothea_AB__norm_wsum,108,0.20642952158166267
dorothea_AB_edgeperm__ulm,collectri__norm_wsum,110,0.30011361752307403
dorothea_AB_edgeperm__ulm,dorothea_AC_edgeperm__norm_wsum,111,0.24081221676735434
dorothea_AB_edgeperm__ulm,dorothea_AB_edgeperm__norm_wsum,112,0.9951624535901071
dorothea_AB_edgeperm__ulm,collectri_edgeperm__norm_wsum,110,0.38328556541055214
dorothea_AB_edgeperm__ulm,dorothea_AC__consensus,108,0.17924049002777967
dorothea_AB_edgeperm__ulm,dorothea_AB__consensus,108,0.18126248618282598
dorothea_AB_edgeperm__ulm,collectri__consensus,110,0.2979148226658378
dorothea_AB_edgeperm__ulm,dorothea_AC_edgeperm__consensus,111,0.18584230242423655
dorothea_AB_edgeperm__ulm,dorothea_AB_edgeperm__consensus,112,0.993998552612746
dorothea_AB_edgeperm__ulm,collectri_edgeperm__consensus,110,0.329933432616519
collectri_edgeperm__ulm,dorothea_AC__mlm,217,0.05636020493014683
collectri_edgeperm__ulm,dorothea_AB__mlm,109,0.08846069689191957
collectri_edgeperm__ulm,dorothea_AC_edgeperm__mlm,221,0.07579370033746169
collectri_edgeperm__ulm,dorothea_AB_edgeperm__mlm,110,0.1410382910520648
collectri_edgeperm__ulm,collectri_edgeperm__mlm,558,0.6953046194466477
collectri_edgeperm__ulm,dorothea_AC__norm_wsum,217,0.2232193416855755
collectri_edgeperm__ulm,dorothea_AB__norm_wsum,109,0.3080383186544234
collectri_edgeperm__ulm,collectri__norm_wsum,535,0.2958162684645612
collectri_edgeperm__ulm,dorothea_AC_edgeperm__norm_wsum,221,0.31621083778276654
collectri_edgeperm__ulm,dorothea_AB_edgeperm__norm_wsum,110,0.3842778336425955
collectri_edgeperm__ulm,collectri_edgeperm__norm_wsum,558,0.9954014836176346
collectri_edgeperm__ulm,dorothea_AC__consensus,217,0.19108141288247776
collectri_edgeperm__ulm,dorothea_AB__consensus,109,0.2581199558289144
collectri_edgeperm__ulm,collectri__consensus,535,0.2902486076803654
collectri_edgeperm__ulm,dorothea_AC_edgeperm__consensus,221,0.26049472749251584
collectri_edgeperm__ulm,dorothea_AB_edgeperm__consensus,110,0.3370518067023279
collectri_edgeperm__ulm,collectri_edgeperm__consensus,558,0.9795457017369561
dorothea_AC__mlm,dorothea_AB__mlm,111,0.9845222790335226
dorothea_AC__mlm,dorothea_AC_edgeperm__mlm,261,0.015374577715902999
dorothea_AC__mlm,dorothea_AB_edgeperm__mlm,108,0.053963397078939275
dorothea_AC__mlm,collectri_edgeperm__mlm,217,0.014412854875389975
dorothea_AC__mlm,dorothea_AC__norm_wsum,263,0.8358659837855337
dorothea_AC__mlm,dorothea_AB__norm_wsum,111,0.849205408526789
dorothea_AC__mlm,collectri__norm_wsum,220,0.2356052237555038
dorothea_AC__mlm,dorothea_AC_edgeperm__norm_wsum,261,0.06897333118607701
dorothea_AC__mlm,dorothea_AB_edgeperm__norm_wsum,108,0.08608767551032831
dorothea_AC__mlm,collectri_edgeperm__norm_wsum,217,0.05349045534203436
dorothea_AC__mlm,dorothea_AC__consensus,263,0.9060648871127512
dorothea_AC__mlm,dorothea_AB__consensus,111,0.8993875018348257
dorothea_AC__mlm,collectri__consensus,220,0.24510499389285717
dorothea_AC__mlm,dorothea_AC_edgeperm__consensus,261,0.06714238996575662
dorothea_AC__mlm,dorothea_AB_edgeperm__consensus,108,0.07707729684069983
dorothea_AC__mlm,collectri_edgeperm__consensus,217,0.05378339679743177
dorothea_AB__mlm,dorothea_AC_edgeperm__mlm,110,0.023831099522588876
dorothea_AB__mlm,dorothea_AB_edgeperm__mlm,108,0.05791531450145662
dorothea_AB__mlm,collectri_edgeperm__mlm,109,0.03645562317625642
dorothea_AB__mlm,dorothea_AC__norm_wsum,111,0.8672569945930453
dorothea_AB__mlm,dorothea_AB__norm_wsum,111,0.8672569945930453
dorothea_AB__mlm,collectri__norm_wsum,109,0.42128802659039394
dorothea_AB__mlm,dorothea_AC_edgeperm__norm_wsum,110,0.08212034829423821
dorothea_AB__mlm,dorothea_AB_edgeperm__norm_wsum,108,0.07548775743997813
dorothea_AB__mlm,collectri_edgeperm__norm_wsum,109,0.09026888901603441
dorothea_AB__mlm,dorothea_AC__consensus,111,0.9243435528476402
dorothea_AB__mlm,dorothea_AB__consensus,111,0.9243229059178177
dorothea_AB__mlm,collectri__consensus,109,0.43348387281929945
dorothea_AB__mlm,dorothea_AC_edgeperm__consensus,110,0.060855993925287545
dorothea_AB__mlm,dorothea_AB_edgeperm__consensus,108,0.0791656026353489
dorothea_AB__mlm,collectri_edgeperm__consensus,109,0.09406446923863374
dorothea_AC_edgeperm__mlm,dorothea_AB_edgeperm__mlm,111,0.03417957107397121
dorothea_AC_edgeperm__mlm,collectri_edgeperm__mlm,221,0.018811089640578905
dorothea_AC_edgeperm__mlm,dorothea_AC__norm_wsum,261,0.05069700525377078
dorothea_AC_edgeperm__mlm,dorothea_AB__norm_wsum,110,0.05198346710118751
dorothea_AC_edgeperm__mlm,collectri__norm_wsum,224,0.07563943788436513
dorothea_AC_edgeperm__mlm,dorothea_AC_edgeperm__norm_wsum,268,0.8429588988084739
dorothea_AC_edgeperm__mlm,dorothea_AB_edgeperm__norm_wsum,111,0.05037968780818444
dorothea_AC_edgeperm__mlm,collectri_edgeperm__norm_wsum,221,0.07754130437047703
dorothea_AC_edgeperm__mlm,dorothea_AC__consensus,261,0.04482952070423671
dorothea_AC_edgeperm__mlm,dorothea_AB__consensus,110,0.05848867124256496
dorothea_AC_edgeperm__mlm,collectri__consensus,224,0.07272975170490265
dorothea_AC_edgeperm__mlm,dorothea_AC_edgeperm__consensus,268,0.912259267674695
dorothea_AC_edgeperm__mlm,dorothea_AB_edgeperm__consensus,111,0.05466427318571679
dorothea_AC_edgeperm__mlm,collectri_edgeperm__consensus,221,0.07433770334118325
dorothea_AB_edgeperm__mlm,collectri_edgeperm__mlm,110,0.013291440508599962
dorothea_AB_edgeperm__mlm,dorothea_AC__norm_wsum,108,0.08945014090912662
dorothea_AB_edgeperm__mlm,dorothea_AB__norm_wsum,108,0.08945014090912662
dorothea_AB_edgeperm__mlm,collectri__norm_wsum,110,0.11533510725709878
dorothea_AB_edgeperm__mlm,dorothea_AC_edgeperm__norm_wsum,111,0.11888995743935661
dorothea_AB_edgeperm__mlm,dorothea_AB_edgeperm__norm_wsum,112,0.9099458152905002
dorothea_AB_edgeperm__mlm,collectri_edgeperm__norm_wsum,110,0.13900985130006194
dorothea_AB_edgeperm__mlm,dorothea_AC__consensus,108,0.09147758441706103
dorothea_AB_edgeperm__mlm,dorothea_AB__consensus,108,0.08702768662804652
dorothea_AB_edgeperm__mlm,collectri__consensus,110,0.1123099986900533
dorothea_AB_edgeperm__mlm,dorothea_AC_edgeperm__consensus,111,0.08645761566439335
dorothea_AB_edgeperm__mlm,dorothea_AB_edgeperm__consensus,112,0.9506411252743736
dorothea_AB_edgeperm__mlm,collectri_edgeperm__consensus,110,0.11538934314978008
collectri_edgeperm__mlm,dorothea_AC__norm_wsum,217,7.315447614287932e-4
collectri_edgeperm__mlm,dorothea_AB__norm_wsum,109,0.029686683982424425
collectri_edgeperm__mlm,collectri__norm_wsum,535,0.023424485704994398
collectri_edgeperm__mlm,dorothea_AC_edgeperm__norm_wsum,221,0.0286151092386191
collectri_edgeperm__mlm,dorothea_AB_edgeperm__norm_wsum,110,0.01697224701661461
collectri_edgeperm__mlm,collectri_edgeperm__norm_wsum,558,0.6916540795646211
collectri_edgeperm__mlm,dorothea_AC__consensus,217,0.010770586561087949
collectri_edgeperm__mlm,dorothea_AB__consensus,109,0.020284379240320942
collectri_edgeperm__mlm,collectri__consensus,535,0.023124177527402656
collectri_edgeperm__mlm,dorothea_AC_edgeperm__consensus,221,0.027697285116095337
collectri_edgeperm__mlm,dorothea_AB_edgeperm__consensus,110,-0.001635394047432551
collectri_edgeperm__mlm,collectri_edgeperm__consensus,558,0.8166288444281715
dorothea_AC__norm_wsum,dorothea_AB__norm_wsum,111,1
dorothea_AC__norm_wsum,collectri__norm_wsum,220,0.44640950438776966
dorothea_AC__norm_wsum,dorothea_AC_edgeperm__norm_wsum,261,0.2482763332441893
dorothea_AC__norm_wsum,dorothea_AB_edgeperm__norm_wsum,108,0.2112238182031888
dorothea_AC__norm_wsum,collectri_edgeperm__norm_wsum,217,0.2324128830261398
dorothea_AC__norm_wsum,dorothea_AC__consensus,263,0.9870958150985633
dorothea_AC__norm_wsum,dorothea_AB__consensus,111,0.9880146811644247
dorothea_AC__norm_wsum,collectri__consensus,220,0.44006523022286437
dorothea_AC__norm_wsum,dorothea_AC_edgeperm__consensus,261,0.20599099139446203
dorothea_AC__norm_wsum,dorothea_AB_edgeperm__consensus,108,0.1813380682041485
dorothea_AC__norm_wsum,collectri_edgeperm__consensus,217,0.1877886434391296
dorothea_AB__norm_wsum,collectri__norm_wsum,109,0.6796384255541539
dorothea_AB__norm_wsum,dorothea_AC_edgeperm__norm_wsum,110,0.19700120024560613
dorothea_AB__norm_wsum,dorothea_AB_edgeperm__norm_wsum,108,0.2112238182031888
dorothea_AB__norm_wsum,collectri_edgeperm__norm_wsum,109,0.30601265284806073
dorothea_AB__norm_wsum,dorothea_AC__consensus,111,0.987247292152063
dorothea_AB__norm_wsum,dorothea_AB__consensus,111,0.9880146811644247
dorothea_AB__norm_wsum,collectri__consensus,109,0.6788322737169434
dorothea_AB__norm_wsum,dorothea_AC_edgeperm__consensus,110,0.16377604012907668
dorothea_AB__norm_wsum,dorothea_AB_edgeperm__consensus,108,0.1813380682041485
dorothea_AB__norm_wsum,collectri_edgeperm__consensus,109,0.2771313819257928
collectri__norm_wsum,dorothea_AC_edgeperm__norm_wsum,224,0.2693421608479006
collectri__norm_wsum,dorothea_AB_edgeperm__norm_wsum,110,0.29353720478043605
collectri__norm_wsum,collectri_edgeperm__norm_wsum,535,0.2923936582575746
collectri__norm_wsum,dorothea_AC__consensus,220,0.41297546662152795
collectri__norm_wsum,dorothea_AB__consensus,109,0.6343327733040224
collectri__norm_wsum,collectri__consensus,552,0.9966858981377913
collectri__norm_wsum,dorothea_AC_edgeperm__consensus,224,0.23076323537664517
collectri__norm_wsum,dorothea_AB_edgeperm__consensus,110,0.2601963204045226
collectri__norm_wsum,collectri_edgeperm__consensus,535,0.24216611245639605
dorothea_AC_edgeperm__norm_wsum,dorothea_AB_edgeperm__norm_wsum,111,0.24445719047839276
dorothea_AC_edgeperm__norm_wsum,collectri_edgeperm__norm_wsum,221,0.32131623217934147
dorothea_AC_edgeperm__norm_wsum,dorothea_AC__consensus,261,0.21312010480853197
dorothea_AC_edgeperm__norm_wsum,dorothea_AB__consensus,110,0.1885495682607242
dorothea_AC_edgeperm__norm_wsum,collectri__consensus,224,0.26706460325730913
dorothea_AC_edgeperm__norm_wsum,dorothea_AC_edgeperm__consensus,268,0.9872415135086126
dorothea_AC_edgeperm__norm_wsum,dorothea_AB_edgeperm__consensus,111,0.19402972865419124
dorothea_AC_edgeperm__norm_wsum,collectri_edgeperm__consensus,221,0.26757960401400444
dorothea_AB_edgeperm__norm_wsum,collectri_edgeperm__norm_wsum,110,0.3823099499922037
dorothea_AB_edgeperm__norm_wsum,dorothea_AC__consensus,108,0.18001878971152246
dorothea_AB_edgeperm__norm_wsum,dorothea_AB__consensus,108,0.18555602849221475
dorothea_AB_edgeperm__norm_wsum,collectri__consensus,110,0.2893836168161129
dorothea_AB_edgeperm__norm_wsum,dorothea_AC_edgeperm__consensus,111,0.18296974690099543
dorothea_AB_edgeperm__norm_wsum,dorothea_AB_edgeperm__consensus,112,0.9911927820015074
dorothea_AB_edgeperm__norm_wsum,collectri_edgeperm__consensus,110,0.3278402826993352
collectri_edgeperm__norm_wsum,dorothea_AC__consensus,217,0.19548719716693777
collectri_edgeperm__norm_wsum,dorothea_AB__consensus,109,0.25318541272015394
collectri_edgeperm__norm_wsum,collectri__consensus,535,0.29362996058712226
collectri_edgeperm__norm_wsum,dorothea_AC_edgeperm__consensus,221,0.25967862080336757
collectri_edgeperm__norm_wsum,dorothea_AB_edgeperm__consensus,110,0.33056316397610697
collectri_edgeperm__norm_wsum,collectri_edgeperm__consensus,558,0.9770975004876112
dorothea_AC__consensus,dorothea_AB__consensus,111,0.9988433697763678
dorothea_AC__consensus,collectri__consensus,220,0.410689443414788
dorothea_AC__consensus,dorothea_AC_edgeperm__consensus,261,0.17688659836027368
dorothea_AC__consensus,dorothea_AB_edgeperm__consensus,108,0.16064830464059524
dorothea_AC__consensus,collectri_edgeperm__consensus,217,0.1571198547421309
dorothea_AB__consensus,collectri__consensus,109,0.6335966951750894
dorothea_AB__consensus,dorothea_AC_edgeperm__consensus,110,0.14964989789869276
dorothea_AB__consensus,dorothea_AB_edgeperm__consensus,108,0.1655271630058201
dorothea_AB__consensus,collectri_edgeperm__consensus,109,0.24647127608994127
collectri__consensus,dorothea_AC_edgeperm__consensus,224,0.231231634606192
collectri__consensus,dorothea_AB_edgeperm__consensus,110,0.25954933557780646
collectri__consensus,collectri_edgeperm__consensus,535,0.23875352007476017
dorothea_AC_edgeperm__consensus,dorothea_AB_edgeperm__consensus,111,0.1701823967511841
dorothea_AC_edgeperm__consensus,collectri_edgeperm__consensus,221,0.21596623701432416
dorothea_AB_edgeperm__consensus,collectri_edgeperm__consensus,110,0.2928138219084856
