k,endpoint,view,label,n_boot_valid,point_estimate,ci90_lower,ci90_upper,ci95_lower,ci95_upper,sesoi,p_tost,p_two_sided,equivalent,superior,conclusion,mdd_80pct_power,p_two_sided_BH,p_tost_BH,superior_after_BH,equivalent_after_BH
2,cindex_adjusted,collectri__consensus,cindex_adjusted:collectri__consensus,1000,1.746929718826531e-4,-6.790013042318687e-4,0.0011524885145816446,-0.0010421187460683988,0.0013659915050451101,0.02,0,0.754,TRUE,FALSE,EQUIVALENT TO ZERO: any true added value is smaller than the pre-specified SESOI,0.0016758704145325703,0.87464,0,FALSE,TRUE
2,cindex_adjusted,collectri__norm_wsum,cindex_adjusted:collectri__norm_wsum,1000,1.746929718826531e-4,-6.790013042318687e-4,0.0011524885145816446,-0.0010421187460683988,0.0013659915050451101,0.02,0,0.754,TRUE,FALSE,EQUIVALENT TO ZERO: any true added value is smaller than the pre-specified SESOI,0.0016758704145325703,0.87464,0,FALSE,TRUE
2,cindex_adjusted,collectri__ulm,cindex_adjusted:collectri__ulm,1000,4.821894139573094e-4,-5.273445632031748e-4,0.0017036263140450592,-7.6980709688996e-4,0.002066224534984166,0.02,0,0.426,TRUE,FALSE,EQUIVALENT TO ZERO: any true added value is smaller than the pre-specified SESOI,0.0020105689235113537,0.87464,0,FALSE,TRUE
2,cindex_adjusted,collectri__viper,cindex_adjusted:collectri__viper,1000,3.5080998271434994e-4,-7.213900663818607e-4,0.0015262372466048107,-9.530189167041041e-4,0.001949881423134794,0.02,0,0.588,TRUE,FALSE,EQUIVALENT TO ZERO: any true added value is smaller than the pre-specified SESOI,0.0020029881401472938,0.87464,0,FALSE,TRUE
2,cindex_adjusted,collectri_edgeperm__consensus,cindex_adjusted:collectri_edgeperm__consensus,1000,-2.851953511973787e-4,-0.0014987545228965558,6.874812422095085e-4,-0.001901797843962813,9.132945954791018e-4,0.02,0,0.62,TRUE,FALSE,EQUIVALENT TO ZERO: any true added value is smaller than the pre-specified SESOI,0.001864673068787902,0.87464,0,FALSE,TRUE
2,cindex_adjusted,collectri_edgeperm__mlm,cindex_adjusted:collectri_edgeperm__mlm,1000,-6.732581863788511e-4,-0.002213206275386764,3.2327156065986535e-4,-0.0025485076259846337,5.357749442010917e-4,0.02,0,0.334,TRUE,FALSE,EQUIVALENT TO ZERO: any true added value is smaller than the pre-specified SESOI,0.0022182096537478697,0.87464,0,FALSE,TRUE
2,cindex_adjusted,collectri_edgeperm__norm_wsum,cindex_adjusted:collectri_edgeperm__norm_wsum,1000,-1.65174820471232e-4,-0.0010929796423454706,6.241757540094038e-4,-0.001340763696457195,8.849156805047608e-4,0.02,0,0.74,TRUE,FALSE,EQUIVALENT TO ZERO: any true added value is smaller than the pre-specified SESOI,0.0014389026144941137,0.87464,0,FALSE,TRUE
2,cindex_adjusted,collectri_edgeperm__ulm,cindex_adjusted:collectri_edgeperm__ulm,1000,-1.65174820471232e-4,-0.0010929796423454706,6.241757540094038e-4,-0.001340763696457195,8.849156805047608e-4,0.02,0,0.74,TRUE,FALSE,EQUIVALENT TO ZERO: any true added value is smaller than the pre-specified SESOI,0.0014389026144941137,0.87464,0,FALSE,TRUE
2,cindex_adjusted,collectri_edgeperm__viper,cindex_adjusted:collectri_edgeperm__viper,1000,-1.8166752733840452e-4,-0.0010610468757204171,6.293573736959324e-4,-0.0013871548026430924,8.316261567689054e-4,0.02,0,0.724,TRUE,FALSE,EQUIVALENT TO ZERO: any true added value is smaller than the pre-specified SESOI,0.0014541973455061718,0.87464,0,FALSE,TRUE
2,cindex_adjusted,dorothea_AB__consensus,cindex_adjusted:dorothea_AB__consensus,1000,2.7962001031219306e-4,-0.0012954785812820003,0.0018709803033224945,-0.0015743969457878287,0.002348049059985194,0.02,0,0.714,TRUE,FALSE,EQUIVALENT TO ZERO: any true added value is smaller than the pre-specified SESOI,0.0025796083924454,0.87464,0,FALSE,TRUE
2,cindex_adjusted,dorothea_AB__mlm,cindex_adjusted:dorothea_AB__mlm,1000,-5.801305828039497e-4,-0.002104469513257112,4.91602555997694e-4,-0.0025611559208206128,7.883748110648123e-4,0.02,0,0.4,TRUE,FALSE,EQUIVALENT TO ZERO: any true added value is smaller than the pre-specified SESOI,0.002230067318118323,0.87464,0,FALSE,TRUE
2,cindex_adjusted,dorothea_AB__norm_wsum,cindex_adjusted:dorothea_AB__norm_wsum,1000,1.4080823350300108e-4,-0.001664870626109921,0.001738157443504395,-0.001978758643757947,0.0020336218601224665,0.02,0,0.854,TRUE,FALSE,EQUIVALENT TO ZERO: any true added value is smaller than the pre-specified SESOI,0.0027778271657487932,0.9172592592592593,0,FALSE,TRUE
2,cindex_adjusted,dorothea_AB__ulm,cindex_adjusted:dorothea_AB__ulm,1000,1.743117664631273e-4,-0.00159235265264851,0.0018284217941713584,-0.0019517753706913806,0.002200733084767719,0.02,0,0.822,TRUE,FALSE,EQUIVALENT TO ZERO: any true added value is smaller than the pre-specified SESOI,0.0028776552094780584,0.9168461538461539,0,FALSE,TRUE
2,cindex_adjusted,dorothea_AB__viper,cindex_adjusted:dorothea_AB__viper,1000,3.810360293925793e-4,-0.0012205129371268939,0.002008636483121412,-0.0015490077492667869,0.0026031833387325874,0.02,0,0.648,TRUE,FALSE,EQUIVALENT TO ZERO: any true added value is smaller than the pre-specified SESOI,0.0027602107741976412,0.87464,0,FALSE,TRUE
2,cindex_adjusted,dorothea_AB_edgeperm__consensus,cindex_adjusted:dorothea_AB_edgeperm__consensus,1000,7.638312735776825e-4,-2.424401892199779e-4,0.002117793691134956,-4.911000463646454e-4,0.00249919876714364,0.02,0,0.222,TRUE,FALSE,EQUIVALENT TO ZERO: any true added value is smaller than the pre-specified SESOI,0.00219412112651413,0.87464,0,FALSE,TRUE
2,cindex_adjusted,dorothea_AB_edgeperm__mlm,cindex_adjusted:dorothea_AB_edgeperm__mlm,1000,-3.926887451343397e-6,-7.443357850560717e-4,7.637583376046308e-4,-9.541610040062598e-4,0.0010088346190527035,0.02,0,0.988,TRUE,FALSE,EQUIVALENT TO ZERO: any true added value is smaller than the pre-specified SESOI,0.0013338565256443156,0.988,0,FALSE,TRUE
2,cindex_adjusted,dorothea_AB_edgeperm__norm_wsum,cindex_adjusted:dorothea_AB_edgeperm__norm_wsum,1000,7.755870489520162e-4,-3.0478976521716716e-4,0.002216092342741359,-5.010066078307589e-4,0.0026526745468095883,0.02,0,0.244,TRUE,FALSE,EQUIVALENT TO ZERO: any true added value is smaller than the pre-specified SESOI,0.0022752231249461487,0.87464,0,FALSE,TRUE
2,cindex_adjusted,dorothea_AB_edgeperm__ulm,cindex_adjusted:dorothea_AB_edgeperm__ulm,1000,6.566553457451704e-4,-3.380665868772003e-4,0.0019349502339484949,-6.188497237844592e-4,0.002352400491819889,0.02,0,0.276,TRUE,FALSE,EQUIVALENT TO ZERO: any true added value is smaller than the pre-specified SESOI,0.0021317231585015963,0.87464,0,FALSE,TRUE
2,cindex_adjusted,dorothea_AB_edgeperm__viper,cindex_adjusted:dorothea_AB_edgeperm__viper,1000,7.638312735776825e-4,-2.424401892199779e-4,0.002117793691134956,-4.911000463646454e-4,0.00249919876714364,0.02,0,0.222,TRUE,FALSE,EQUIVALENT TO ZERO: any true added value is smaller than the pre-specified SESOI,0.00219412112651413,0.87464,0,FALSE,TRUE
2,cindex_adjusted,dorothea_AC__consensus,cindex_adjusted:dorothea_AC__consensus,1000,-1.2288823553915462e-4,-0.001870561060110204,0.001341335042970192,-0.0023697663179220894,0.0018761801551124226,0.02,0,0.952,TRUE,FALSE,EQUIVALENT TO ZERO: any true added value is smaller than the pre-specified SESOI,0.0028333202377466686,0.9860000000000001,0,FALSE,TRUE
2,cindex_adjusted,dorothea_AC__mlm,cindex_adjusted:dorothea_AC__mlm,1000,-4.2349470586533044e-4,-0.0017912192295202521,7.096276642748363e-4,-0.002213509993433552,9.343383516168395e-4,0.02,0,0.504,TRUE,FALSE,EQUIVALENT TO ZERO: any true added value is smaller than the pre-specified SESOI,0.0020754482188130373,0.87464,0,FALSE,TRUE
2,cindex_adjusted,dorothea_AC__norm_wsum,cindex_adjusted:dorothea_AC__norm_wsum,1000,-3.5691349868354725e-4,-0.002106850735226645,0.0011857169423895582,-0.002739756180039116,0.0015729417872386406,0.02,0,0.748,TRUE,FALSE,EQUIVALENT TO ZERO: any true added value is smaller than the pre-specified SESOI,0.002935306971706119,0.87464,0,FALSE,TRUE
2,cindex_adjusted,dorothea_AC__ulm,cindex_adjusted:dorothea_AC__ulm,1000,-4.909014389267411e-4,-0.0023218570320708842,0.0010296706537719744,-0.0029469779984847124,0.0014139351644732252,0.02,0,0.636,TRUE,FALSE,EQUIVALENT TO ZERO: any true added value is smaller than the pre-specified SESOI,0.0029661415078249833,0.87464,0,FALSE,TRUE
2,cindex_adjusted,dorothea_AC__viper,cindex_adjusted:dorothea_AC__viper,1000,-3.68157322022856e-4,-0.0021354863817558134,0.0010833457648394386,-0.0026600672145091872,0.0014269429468087727,0.02,0,0.738,TRUE,FALSE,EQUIVALENT TO ZERO: any true added value is smaller than the pre-specified SESOI,0.0028850384954243243,0.87464,0,FALSE,TRUE
2,cindex_adjusted,dorothea_AC_edgeperm__consensus,cindex_adjusted:dorothea_AC_edgeperm__consensus,1000,6.900075765622086e-4,-3.785620323950578e-4,0.0020983720002374804,-5.998064498701938e-4,0.002528033704328869,0.02,0,0.298,TRUE,FALSE,EQUIVALENT TO ZERO: any true added value is smaller than the pre-specified SESOI,0.0022257440254023703,0.87464,0,FALSE,TRUE
2,cindex_adjusted,dorothea_AC_edgeperm__mlm,cindex_adjusted:dorothea_AC_edgeperm__mlm,1000,-1.934373528607879e-4,-9.887871695039407e-4,4.8160020336993043e-4,-0.0011800070715645872,6.607272048962662e-4,0.02,0,0.606,TRUE,FALSE,EQUIVALENT TO ZERO: any true added value is smaller than the pre-specified SESOI,0.0012103662889149367,0.87464,0,FALSE,TRUE
2,cindex_adjusted,dorothea_AC_edgeperm__norm_wsum,cindex_adjusted:dorothea_AC_edgeperm__norm_wsum,1000,3.335724034165245e-4,-8.80422650203344e-4,0.0016287741515069898,-0.0011349522724800165,0.00219077037249813,0.02,0,0.624,TRUE,FALSE,EQUIVALENT TO ZERO: any true added value is smaller than the pre-specified SESOI,0.0021954031722728772,0.87464,0,FALSE,TRUE
2,cindex_adjusted,dorothea_AC_edgeperm__ulm,cindex_adjusted:dorothea_AC_edgeperm__ulm,1000,5.963812404924304e-4,-5.400163253429401e-4,0.001989736681832288,-7.128133301558425e-4,0.0024398515812388455,0.02,0,0.364,TRUE,FALSE,EQUIVALENT TO ZERO: any true added value is smaller than the pre-specified SESOI,0.002204918496118648,0.87464,0,FALSE,TRUE
2,cindex_adjusted,dorothea_AC_edgeperm__viper,cindex_adjusted:dorothea_AC_edgeperm__viper,1000,6.900075765622086e-4,-3.785620323950578e-4,0.0020983720002374804,-5.998064498701938e-4,0.002528033704328869,0.02,0,0.298,TRUE,FALSE,EQUIVALENT TO ZERO: any true added value is smaller than the pre-specified SESOI,0.0022257440254023703,0.87464,0,FALSE,TRUE
2,cindex_cluster_only,collectri__consensus,cindex_cluster_only:collectri__consensus,1000,0.0014078478987163824,-0.0010569268705724832,0.0035748312938303994,-0.00141624380563187,0.004098651805445984,0.02,0.005,0.394,TRUE,FALSE,EQUIVALENT TO ZERO: any true added value is smaller than the pre-specified SESOI,0.010929618771466188,0.6588799999999999,0.010038461538461538,FALSE,TRUE
2,cindex_cluster_only,collectri__norm_wsum,cindex_cluster_only:collectri__norm_wsum,1000,0.0014078478987163824,-0.0010569268705724832,0.0035748312938303994,-0.00141624380563187,0.004098651805445984,0.02,0.005,0.394,TRUE,FALSE,EQUIVALENT TO ZERO: any true added value is smaller than the pre-specified SESOI,0.010929618771466188,0.6588799999999999,0.010038461538461538,FALSE,TRUE
2,cindex_cluster_only,collectri__ulm,cindex_cluster_only:collectri__ulm,1000,0.0023002616806352366,-5.419079470933619e-4,0.00459599862891909,-9.356652863278248e-4,0.005390140941722293,0.02,0.008,0.208,TRUE,FALSE,EQUIVALENT TO ZERO: any true added value is smaller than the pre-specified SESOI,0.013983147213260159,0.6588799999999999,0.010038461538461538,FALSE,TRUE
2,cindex_cluster_only,collectri__viper,cindex_cluster_only:collectri__viper,1000,0.0019597016580671697,-9.174942937186459e-4,0.004249407001481514,-0.0013715028673968591,0.005109280770368441,0.02,0.007,0.326,TRUE,FALSE,EQUIVALENT TO ZERO: any true added value is smaller than the pre-specified SESOI,0.013078170543180948,0.6588799999999999,0.010038461538461538,FALSE,TRUE
2,cindex_cluster_only,collectri_edgeperm__consensus,cindex_cluster_only:collectri_edgeperm__consensus,1000,-0.0011690116702360981,-0.0033644203894685255,0.001028785033406964,-0.0037819432673328155,0.0014798568658969079,0.02,0.002,0.402,TRUE,FALSE,EQUIVALENT TO ZERO: any true added value is smaller than the pre-specified SESOI,0.008435286893729708,0.6588799999999999,0.010038461538461538,FALSE,TRUE
2,cindex_cluster_only,collectri_edgeperm__mlm,cindex_cluster_only:collectri_edgeperm__mlm,1000,-0.002316802119819161,-0.004670787918823294,7.130576285912289e-4,-0.005694755474397548,0.0013618702481854202,0.02,0.008,0.232,TRUE,FALSE,EQUIVALENT TO ZERO: any true added value is smaller than the pre-specified SESOI,0.015572924366906082,0.6588799999999999,0.010038461538461538,FALSE,TRUE
2,cindex_cluster_only,collectri_edgeperm__norm_wsum,cindex_cluster_only:collectri_edgeperm__norm_wsum,1000,-9.343087633035635e-4,-0.0025491487919163222,0.001125372609672903,-0.0028862166952855705,0.0014097555796275833,0.02,0.005,0.564,TRUE,FALSE,EQUIVALENT TO ZERO: any true added value is smaller than the pre-specified SESOI,0.012489116345252937,0.6588799999999999,0.010038461538461538,FALSE,TRUE
2,cindex_cluster_only,collectri_edgeperm__ulm,cindex_cluster_only:collectri_edgeperm__ulm,1000,-9.343087633035635e-4,-0.0025491487919163222,0.001125372609672903,-0.0028862166952855705,0.0014097555796275833,0.02,0.005,0.564,TRUE,FALSE,EQUIVALENT TO ZERO: any true added value is smaller than the pre-specified SESOI,0.012489116345252937,0.6588799999999999,0.010038461538461538,FALSE,TRUE
2,cindex_cluster_only,collectri_edgeperm__viper,cindex_cluster_only:collectri_edgeperm__viper,1000,-0.0014396161826686817,-0.0031015727171387285,7.17510838789481e-4,-0.0034323942595328558,0.0011045367874545932,0.02,0.006,0.318,TRUE,FALSE,EQUIVALENT TO ZERO: any true added value is smaller than the pre-specified SESOI,0.012938782850545224,0.6588799999999999,0.010038461538461538,FALSE,TRUE
2,cindex_cluster_only,dorothea_AB__consensus,cindex_cluster_only:dorothea_AB__consensus,1000,0.0015537407225254434,-0.002400403972569948,0.005340509924395975,-0.0031587394174740656,0.006107039195259566,0.02,0.005,0.514,TRUE,FALSE,EQUIVALENT TO ZERO: any true added value is smaller than the pre-specified SESOI,0.01562655677335441,0.6588799999999999,0.010038461538461538,FALSE,TRUE
2,cindex_cluster_only,dorothea_AB__mlm,cindex_cluster_only:dorothea_AB__mlm,1000,-0.0027570888169181737,-0.005237684551724908,2.8022303678525964e-4,-0.005939639938481228,9.308878399824331e-4,0.02,0.008,0.14,TRUE,FALSE,EQUIVALENT TO ZERO: any true added value is smaller than the pre-specified SESOI,0.015384499699427064,0.5965714285714285,0.010038461538461538,FALSE,TRUE
2,cindex_cluster_only,dorothea_AB__norm_wsum,cindex_cluster_only:dorothea_AB__norm_wsum,1000,0.0016740449166469254,-0.002636394715564399,0.0054768154866138945,-0.0036979180407975404,0.006565823890468342,0.02,0.009,0.568,TRUE,FALSE,EQUIVALENT TO ZERO: any true added value is smaller than the pre-specified SESOI,0.01916691507976878,0.6588799999999999,0.010038461538461538,FALSE,TRUE
2,cindex_cluster_only,dorothea_AB__ulm,cindex_cluster_only:dorothea_AB__ulm,1000,0.0016913784998507859,-0.002767445763365811,0.005390614342994769,-0.0036263073515377855,0.006784834513384916,0.02,0.009,0.552,TRUE,FALSE,EQUIVALENT TO ZERO: any true added value is smaller than the pre-specified SESOI,0.0183589429775994,0.6588799999999999,0.010038461538461538,FALSE,TRUE
2,cindex_cluster_only,dorothea_AB__viper,cindex_cluster_only:dorothea_AB__viper,1000,0.0019798827979900075,-0.0023828977617532383,0.00558316987136388,-0.0032213217534221654,0.0064413037290855105,0.02,0.009,0.464,TRUE,FALSE,EQUIVALENT TO ZERO: any true added value is smaller than the pre-specified SESOI,0.01675052742079302,0.6588799999999999,0.010038461538461538,FALSE,TRUE
2,cindex_cluster_only,dorothea_AB_edgeperm__consensus,cindex_cluster_only:dorothea_AB_edgeperm__consensus,1000,0.0027691685429166195,-1.9243449984269182e-4,0.00510443993073224,-7.868149394776091e-4,0.005759996436226633,0.02,0.008,0.128,TRUE,FALSE,EQUIVALENT TO ZERO: any true added value is smaller than the pre-specified SESOI,0.014356314399124447,0.5965714285714285,0.010038461538461538,FALSE,TRUE
2,cindex_cluster_only,dorothea_AB_edgeperm__mlm,cindex_cluster_only:dorothea_AB_edgeperm__mlm,1000,8.313600657131961e-4,-0.0011965067896371915,0.002837503681881287,-0.0016210709929011967,0.0032352273401916793,0.02,0.002,0.534,TRUE,FALSE,EQUIVALENT TO ZERO: any true added value is smaller than the pre-specified SESOI,0.007594970577713022,0.6588799999999999,0.010038461538461538,FALSE,TRUE
2,cindex_cluster_only,dorothea_AB_edgeperm__norm_wsum,cindex_cluster_only:dorothea_AB_edgeperm__norm_wsum,1000,0.0026950013916633006,-4.2892822220115805e-4,0.005178050196942668,-8.924557603761013e-4,0.005846623606452922,0.02,0.008,0.144,TRUE,FALSE,EQUIVALENT TO ZERO: any true added value is smaller than the pre-specified SESOI,0.01515603943602087,0.5965714285714285,0.010038461538461538,FALSE,TRUE
2,cindex_cluster_only,dorothea_AB_edgeperm__ulm,cindex_cluster_only:dorothea_AB_edgeperm__ulm,1000,0.0027498540196958065,-1.974996529142569e-4,0.005127609743954025,-8.38008846333499e-4,0.005761678896801914,0.02,0.008,0.126,TRUE,FALSE,EQUIVALENT TO ZERO: any true added value is smaller than the pre-specified SESOI,0.014363668579559901,0.5965714285714285,0.010038461538461538,FALSE,TRUE
2,cindex_cluster_only,dorothea_AB_edgeperm__viper,cindex_cluster_only:dorothea_AB_edgeperm__viper,1000,0.0027691685429166195,-1.9243449984269182e-4,0.00510443993073224,-7.868149394776091e-4,0.005759996436226633,0.02,0.008,0.128,TRUE,FALSE,EQUIVALENT TO ZERO: any true added value is smaller than the pre-specified SESOI,0.014356314399124447,0.5965714285714285,0.010038461538461538,FALSE,TRUE
2,cindex_cluster_only,dorothea_AC__consensus,cindex_cluster_only:dorothea_AC__consensus,1000,4.623879776020741e-4,-0.0036336029042233877,0.004485925793815809,-0.004717853892895634,0.005593820460966502,0.02,0.006,0.818,TRUE,FALSE,EQUIVALENT TO ZERO: any true added value is smaller than the pre-specified SESOI,0.01874656401093184,0.8785925925925926,0.010038461538461538,FALSE,TRUE
2,cindex_cluster_only,dorothea_AC__mlm,cindex_cluster_only:dorothea_AC__mlm,1000,-0.0019441487050973747,-0.004353537653184447,7.991634646699314e-4,-0.004906557739355869,0.0014196987041063696,0.02,0.006,0.286,TRUE,FALSE,EQUIVALENT TO ZERO: any true added value is smaller than the pre-specified SESOI,0.013567526635148921,0.6588799999999999,0.010038461538461538,FALSE,TRUE
2,cindex_cluster_only,dorothea_AC__norm_wsum,cindex_cluster_only:dorothea_AC__norm_wsum,1000,8.451606048017439e-4,-0.003557069429824011,0.004993052246207102,-0.004187347352675084,0.005804927541699861,0.02,0.007,0.788,TRUE,FALSE,EQUIVALENT TO ZERO: any true added value is smaller than the pre-specified SESOI,0.017259887359243754,0.8785925925925926,0.010038461538461538,FALSE,TRUE
2,cindex_cluster_only,dorothea_AC__ulm,cindex_cluster_only:dorothea_AC__ulm,1000,2.283326579042878e-4,-0.004070227966316365,0.004498225500806335,-0.005174492782527595,0.0054415903220566796,0.02,0.006,0.944,TRUE,FALSE,EQUIVALENT TO ZERO: any true added value is smaller than the pre-specified SESOI,0.017755928227323366,0.944,0.010038461538461538,FALSE,TRUE
2,cindex_cluster_only,dorothea_AC__viper,cindex_cluster_only:dorothea_AC__viper,1000,3.9633820689827004e-4,-0.0037862360378547897,0.004605112315627912,-0.0045110359669387,0.005203276109558341,0.02,0.005,0.876,TRUE,FALSE,EQUIVALENT TO ZERO: any true added value is smaller than the pre-specified SESOI,0.016632161442852317,0.9072857142857144,0.010038461538461538,FALSE,TRUE
2,cindex_cluster_only,dorothea_AC_edgeperm__consensus,cindex_cluster_only:dorothea_AC_edgeperm__consensus,1000,0.002950413252255031,-1.4209866975238848e-4,0.00514332904961911,-6.04352756704271e-4,0.006118270779891295,0.02,0.012,0.142,TRUE,FALSE,EQUIVALENT TO ZERO: any true added value is smaller than the pre-specified SESOI,0.017032072705959658,0.5965714285714285,0.012,FALSE,TRUE
2,cindex_cluster_only,dorothea_AC_edgeperm__mlm,cindex_cluster_only:dorothea_AC_edgeperm__mlm,1000,-8.6715600306433e-4,-0.002073840517127545,7.82045275378848e-4,-0.002532059656097152,0.0011770427999277543,0.02,0.004,0.424,TRUE,FALSE,EQUIVALENT TO ZERO: any true added value is smaller than the pre-specified SESOI,0.011911100089921921,0.6588799999999999,0.010038461538461538,FALSE,TRUE
2,cindex_cluster_only,dorothea_AC_edgeperm__norm_wsum,cindex_cluster_only:dorothea_AC_edgeperm__norm_wsum,1000,0.0016628818043113783,-0.001454989024855835,0.004137230262300422,-0.0020063885142500735,0.005038295187065167,0.02,0.009,0.46,TRUE,FALSE,EQUIVALENT TO ZERO: any true added value is smaller than the pre-specified SESOI,0.01580011637394537,0.6588799999999999,0.010038461538461538,FALSE,TRUE
2,cindex_cluster_only,dorothea_AC_edgeperm__ulm,cindex_cluster_only:dorothea_AC_edgeperm__ulm,1000,0.0025359379548854106,-5.884971232680836e-4,0.004838967717598235,-9.972591132743707e-4,0.005642239929250694,0.02,0.01,0.214,TRUE,FALSE,EQUIVALENT TO ZERO: any true added value is smaller than the pre-specified SESOI,0.015422967044795222,0.6588799999999999,0.010740740740740742,FALSE,TRUE
2,cindex_cluster_only,dorothea_AC_edgeperm__viper,cindex_cluster_only:dorothea_AC_edgeperm__viper,1000,0.002950413252255031,-1.4209866975238848e-4,0.00514332904961911,-6.04352756704271e-4,0.006118270779891295,0.02,0.012,0.142,TRUE,FALSE,EQUIVALENT TO ZERO: any true added value is smaller than the pre-specified SESOI,0.017032072705959658,0.5965714285714285,0.012,FALSE,TRUE
2,lrt_over_age_er,collectri__consensus,lrt_over_age_er:collectri__consensus,1000,0.2515011623057653,-1.6908153180939731,2.286183196489128,-2.255428182919468,2.762722420678619,3.84,0.011,0.818,TRUE,FALSE,EQUIVALENT TO ZERO: any true added value is smaller than the pre-specified SESOI,3.444512968458948,0.8865714285714287,0.045571428571428575,FALSE,TRUE
2,lrt_over_age_er,collectri__norm_wsum,lrt_over_age_er:collectri__norm_wsum,1000,0.2515011623057653,-1.6908153180939731,2.286183196489128,-2.255428182919468,2.762722420678619,3.84,0.011,0.818,TRUE,FALSE,EQUIVALENT TO ZERO: any true added value is smaller than the pre-specified SESOI,3.444512968458948,0.8865714285714287,0.045571428571428575,FALSE,TRUE
2,lrt_over_age_er,collectri__ulm,lrt_over_age_er:collectri__ulm,1000,0.6375905201182904,-1.3479279066835261,2.866044415866963,-1.938977964570813,3.4971865165529814,3.84,0.017,0.578,TRUE,FALSE,EQUIVALENT TO ZERO: any true added value is smaller than the pre-specified SESOI,3.7355735112056965,0.8865714285714287,0.054777777777777786,FALSE,FALSE
2,lrt_over_age_er,collectri__viper,lrt_over_age_er:collectri__viper,1000,0.44097749577664763,-1.4902044768580707,2.585468607959136,-2.333786081033304,3.1112098865971345,3.84,0.014,0.712,TRUE,FALSE,EQUIVALENT TO ZERO: any true added value is smaller than the pre-specified SESOI,3.7168499726905897,0.8865714285714287,0.05075,FALSE,FALSE
2,lrt_over_age_er,collectri_edgeperm__consensus,lrt_over_age_er:collectri_edgeperm__consensus,1000,-0.7525640010334264,-2.9736471826663546,1.0187046997180915,-3.7972535719842195,1.4066096792520497,3.84,0.025,0.494,TRUE,FALSE,EQUIVALENT TO ZERO: any true added value is smaller than the pre-specified SESOI,3.3508496982919653,0.8865714285714287,0.06490476190476191,FALSE,FALSE
2,lrt_over_age_er,collectri_edgeperm__mlm,lrt_over_age_er:collectri_edgeperm__mlm,1000,-1.2736173534409572,-3.874436924561814,0.4856300809455203,-4.606127174727681,0.9185834409168812,3.84,0.054,0.288,FALSE,FALSE,"INCONCLUSIVE: cannot exclude zero, and cannot exclude a meaningful effect either -- underpowered",3.9202430775424837,0.8865714285714287,0.06495999999999999,FALSE,FALSE
2,lrt_over_age_er,collectri_edgeperm__norm_wsum,lrt_over_age_er:collectri_edgeperm__norm_wsum,1000,-0.6605198978726985,-2.4881481282867752,0.6885701117250387,-2.9449227159578637,0.9989099791914648,3.84,0.005,0.45,TRUE,FALSE,EQUIVALENT TO ZERO: any true added value is smaller than the pre-specified SESOI,2.6632893547507974,0.8865714285714287,0.028999999999999998,FALSE,TRUE
2,lrt_over_age_er,collectri_edgeperm__ulm,lrt_over_age_er:collectri_edgeperm__ulm,1000,-0.6605198978726985,-2.4881481282867752,0.6885701117250387,-2.9449227159578637,0.9989099791914648,3.84,0.005,0.45,TRUE,FALSE,EQUIVALENT TO ZERO: any true added value is smaller than the pre-specified SESOI,2.6632893547507974,0.8865714285714287,0.028999999999999998,FALSE,TRUE
2,lrt_over_age_er,collectri_edgeperm__viper,lrt_over_age_er:collectri_edgeperm__viper,1000,-0.6302873689148691,-2.3578687977852493,0.790513768490473,-2.8354904385875668,1.0988664211139623,3.84,0.004,0.458,TRUE,FALSE,EQUIVALENT TO ZERO: any true added value is smaller than the pre-specified SESOI,2.7061668678006856,0.8865714285714287,0.028999999999999998,FALSE,TRUE
2,lrt_over_age_er,dorothea_AB__consensus,lrt_over_age_er:dorothea_AB__consensus,1000,0.3375565716514247,-2.1959844918123963,3.0679826674411723,-2.915059267709967,3.7814361735396207,3.84,0.025,0.816,TRUE,FALSE,EQUIVALENT TO ZERO: any true added value is smaller than the pre-specified SESOI,4.54476386278465,0.8865714285714287,0.06490476190476191,FALSE,FALSE
2,lrt_over_age_er,dorothea_AB__mlm,lrt_over_age_er:dorothea_AB__mlm,1000,-1.0553152425877488,-3.869047701578893,0.9485125164915187,-4.624432731434581,1.3503636963597725,3.84,0.051,0.412,FALSE,FALSE,"INCONCLUSIVE: cannot exclude zero, and cannot exclude a meaningful effect either -- underpowered",4.0946949608719985,0.8865714285714287,0.06495999999999999,FALSE,FALSE
2,lrt_over_age_er,dorothea_AB__norm_wsum,lrt_over_age_er:dorothea_AB__norm_wsum,1000,0.2975792027170828,-3.000192997255363,3.4463192376047083,-3.9483096160277,4.05926474836151,3.84,0.034,0.84,TRUE,FALSE,EQUIVALENT TO ZERO: any true added value is smaller than the pre-specified SESOI,5.416343331908158,0.8865714285714287,0.06490476190476191,FALSE,FALSE
2,lrt_over_age_er,dorothea_AB__ulm,lrt_over_age_er:dorothea_AB__ulm,1000,0.217723079757674,-2.9500253767230786,3.355074691954541,-3.925072127361773,4.103073332539679,3.84,0.033,0.856,TRUE,FALSE,EQUIVALENT TO ZERO: any true added value is smaller than the pre-specified SESOI,5.4112927668463815,0.8865714285714287,0.06490476190476191,FALSE,FALSE
2,lrt_over_age_er,dorothea_AB__viper,lrt_over_age_er:dorothea_AB__viper,1000,0.8361034007326889,-1.9490240364034435,4.195456237807046,-2.655105586434138,5.184438256080556,3.84,0.067,0.594,FALSE,FALSE,"INCONCLUSIVE: cannot exclude zero, and cannot exclude a meaningful effect either -- underpowered",5.169878466148302,0.8865714285714287,0.07196296296296298,FALSE,FALSE
2,lrt_over_age_er,dorothea_AB_edgeperm__consensus,lrt_over_age_er:dorothea_AB_edgeperm__consensus,1000,0.9934801166557572,-0.9881340686261865,3.674106600759292,-1.6816661384896179,4.475865361614387,3.84,0.045,0.422,TRUE,FALSE,EQUIVALENT TO ZERO: any true added value is smaller than the pre-specified SESOI,4.246165949668155,0.8865714285714287,0.06490476190476191,FALSE,FALSE
2,lrt_over_age_er,dorothea_AB_edgeperm__mlm,lrt_over_age_er:dorothea_AB_edgeperm__mlm,1000,-0.2945323992940321,-1.9750603888443947,1.262681453410095,-2.742300159510023,1.7201308749784856,3.84,0.003,0.712,TRUE,FALSE,EQUIVALENT TO ZERO: any true added value is smaller than the pre-specified SESOI,2.848602112376847,0.8865714285714287,0.028999999999999998,FALSE,TRUE
2,lrt_over_age_er,dorothea_AB_edgeperm__norm_wsum,lrt_over_age_er:dorothea_AB_edgeperm__norm_wsum,1000,0.9027700602905988,-1.137926748065547,3.6755702755309354,-1.817739267413526,4.460344660361123,3.84,0.041,0.494,TRUE,FALSE,EQUIVALENT TO ZERO: any true added value is smaller than the pre-specified SESOI,4.273776597902832,0.8865714285714287,0.06490476190476191,FALSE,FALSE
2,lrt_over_age_er,dorothea_AB_edgeperm__ulm,lrt_over_age_er:dorothea_AB_edgeperm__ulm,1000,0.7945023246570854,-1.2286760651624717,3.3352610290563445,-1.8470146473364366,4.305203021712669,3.84,0.037,0.548,TRUE,FALSE,EQUIVALENT TO ZERO: any true added value is smaller than the pre-specified SESOI,4.1043283355324665,0.8865714285714287,0.06490476190476191,FALSE,FALSE
2,lrt_over_age_er,dorothea_AB_edgeperm__viper,lrt_over_age_er:dorothea_AB_edgeperm__viper,1000,0.9934801166557572,-0.9881340686261865,3.674106600759292,-1.6816661384896179,4.475865361614387,3.84,0.045,0.422,TRUE,FALSE,EQUIVALENT TO ZERO: any true added value is smaller than the pre-specified SESOI,4.246165949668155,0.8865714285714287,0.06490476190476191,FALSE,FALSE
2,lrt_over_age_er,dorothea_AC__consensus,lrt_over_age_er:dorothea_AC__consensus,1000,-0.21353140947370775,-3.70270133029544,2.821612526169155,-4.519793473317031,3.327775281459159,3.84,0.047,0.936,TRUE,FALSE,EQUIVALENT TO ZERO: any true added value is smaller than the pre-specified SESOI,5.4596338626222725,0.936,0.06490476190476191,FALSE,FALSE
2,lrt_over_age_er,dorothea_AC__mlm,lrt_over_age_er:dorothea_AC__mlm,1000,-0.8774576963477739,-3.4628851053058494,1.0738320282935048,-4.168762800661443,1.60577402294698,3.84,0.037,0.47,TRUE,FALSE,EQUIVALENT TO ZERO: any true added value is smaller than the pre-specified SESOI,3.86687403150269,0.8865714285714287,0.06490476190476191,FALSE,FALSE
2,lrt_over_age_er,dorothea_AC__norm_wsum,lrt_over_age_er:dorothea_AC__norm_wsum,1000,-0.5932845228882616,-4.231805397607695,2.6139379568994614,-5.162286458972448,3.2645716123656254,3.84,0.07,0.766,FALSE,FALSE,"INCONCLUSIVE: cannot exclude zero, and cannot exclude a meaningful effect either -- underpowered",5.806888178051584,0.8865714285714287,0.07250000000000001,FALSE,FALSE
2,lrt_over_age_er,dorothea_AC__ulm,lrt_over_age_er:dorothea_AC__ulm,1000,-0.9845328739479555,-4.940381434625942,2.037880641643551,-5.702528873480605,2.6664913098169105,3.84,0.088,0.618,FALSE,FALSE,"INCONCLUSIVE: cannot exclude zero, and cannot exclude a meaningful effect either -- underpowered",5.922902879327477,0.8865714285714287,0.088,FALSE,FALSE
2,lrt_over_age_er,dorothea_AC__viper,lrt_over_age_er:dorothea_AC__viper,1000,-0.5731036304530444,-4.171788231552,2.555938869264173,-5.263990208725318,3.1574931959755297,3.84,0.065,0.776,FALSE,FALSE,"INCONCLUSIVE: cannot exclude zero, and cannot exclude a meaningful effect either -- underpowered",5.700955588951729,0.8865714285714287,0.07196296296296298,FALSE,FALSE
2,lrt_over_age_er,dorothea_AC_edgeperm__consensus,lrt_over_age_er:dorothea_AC_edgeperm__consensus,1000,1.2147119201389687,-0.951042892130772,4.013098584735143,-1.4176346069263215,4.947306956702778,3.84,0.056,0.382,FALSE,FALSE,"INCONCLUSIVE: cannot exclude zero, and cannot exclude a meaningful effect either -- underpowered",4.476109890652163,0.8865714285714287,0.06495999999999999,FALSE,FALSE
2,lrt_over_age_er,dorothea_AC_edgeperm__mlm,lrt_over_age_er:dorothea_AC_edgeperm__mlm,1000,-0.538026838722777,-2.1110469056055083,0.7302668464371889,-2.5126350187229947,1.0647824947277964,3.84,0,0.478,TRUE,FALSE,EQUIVALENT TO ZERO: any true added value is smaller than the pre-specified SESOI,2.4581362419602586,0.8865714285714287,0,FALSE,TRUE
2,lrt_over_age_er,dorothea_AC_edgeperm__norm_wsum,lrt_over_age_er:dorothea_AC_edgeperm__norm_wsum,1000,0.5174411822403309,-1.8721037976002664,3.3022655900340396,-2.5225583748439933,4.115650000726327,3.84,0.033,0.718,TRUE,FALSE,EQUIVALENT TO ZERO: any true added value is smaller than the pre-specified SESOI,4.401676690039676,0.8865714285714287,0.06490476190476191,FALSE,FALSE
2,lrt_over_age_er,dorothea_AC_edgeperm__ulm,lrt_over_age_er:dorothea_AC_edgeperm__ulm,1000,1.057068539970307,-1.0520020280745483,3.8021484606453666,-1.6517985447403136,4.702114406750204,3.84,0.047,0.452,TRUE,FALSE,EQUIVALENT TO ZERO: any true added value is smaller than the pre-specified SESOI,4.421399212574183,0.8865714285714287,0.06490476190476191,FALSE,FALSE
2,lrt_over_age_er,dorothea_AC_edgeperm__viper,lrt_over_age_er:dorothea_AC_edgeperm__viper,1000,1.2147119201389687,-0.951042892130772,4.013098584735143,-1.4176346069263215,4.947306956702778,3.84,0.056,0.382,FALSE,FALSE,"INCONCLUSIVE: cannot exclude zero, and cannot exclude a meaningful effect either -- underpowered",4.476109890652163,0.8865714285714287,0.06495999999999999,FALSE,FALSE
3,cindex_adjusted,collectri__consensus,cindex_adjusted:collectri__consensus,1000,-0.0010251690095430795,-0.0031135143158544376,8.815261838609859e-4,-0.003563366255532166,0.0012243135641767597,0.02,0,0.424,TRUE,FALSE,EQUIVALENT TO ZERO: any true added value is smaller than the pre-specified SESOI,0.003471938448321514,0.962,0,FALSE,TRUE
3,cindex_adjusted,collectri__norm_wsum,cindex_adjusted:collectri__norm_wsum,1000,-0.001580216659946924,-0.0038292163209102947,3.3262293300037593e-4,-0.004299984089390238,6.313386549791938e-4,0.02,0,0.174,TRUE,FALSE,EQUIVALENT TO ZERO: any true added value is smaller than the pre-specified SESOI,0.0035033083787891516,0.962,0,FALSE,TRUE
3,cindex_adjusted,collectri__ulm,cindex_adjusted:collectri__ulm,1000,-9.907617039028975e-4,-0.002998244851996895,9.189361485167357e-4,-0.0035539572889319556,0.0012054837874819029,0.02,0,0.43,TRUE,FALSE,EQUIVALENT TO ZERO: any true added value is smaller than the pre-specified SESOI,0.0034326264679289727,0.962,0,FALSE,TRUE
3,cindex_adjusted,collectri__viper,cindex_adjusted:collectri__viper,1000,-0.0010597464274734205,-0.0034006849281104034,9.473445619271489e-4,-0.0039001616628454444,0.0013069008265336563,0.02,0,0.398,TRUE,FALSE,EQUIVALENT TO ZERO: any true added value is smaller than the pre-specified SESOI,0.0036965135665226415,0.962,0,FALSE,TRUE
3,cindex_adjusted,collectri_edgeperm__consensus,cindex_adjusted:collectri_edgeperm__consensus,1000,-0.0012576791571229141,-0.004185345162502168,0.001380125451890468,-0.00495406428763005,0.0019513948295330349,0.02,0,0.458,TRUE,FALSE,EQUIVALENT TO ZERO: any true added value is smaller than the pre-specified SESOI,0.004877709666032702,0.962,0,FALSE,TRUE
3,cindex_adjusted,collectri_edgeperm__mlm,cindex_adjusted:collectri_edgeperm__mlm,1000,2.47990912738942e-4,-0.0016274392537971361,0.002085411533237186,-0.002024490418752778,0.002459446773276047,0.02,0,0.768,TRUE,FALSE,EQUIVALENT TO ZERO: any true added value is smaller than the pre-specified SESOI,0.003063265862442657,0.962,0,FALSE,TRUE
3,cindex_adjusted,collectri_edgeperm__norm_wsum,cindex_adjusted:collectri_edgeperm__norm_wsum,1000,-0.002169014047443082,-0.005410251077932211,7.014096790209635e-4,-0.0063416650869825755,0.0012205725559180584,0.02,0,0.202,TRUE,FALSE,EQUIVALENT TO ZERO: any true added value is smaller than the pre-specified SESOI,0.005279424835060622,0.962,0,FALSE,TRUE
3,cindex_adjusted,collectri_edgeperm__ulm,cindex_adjusted:collectri_edgeperm__ulm,1000,-0.0019748452397287597,-0.005303053326437618,9.333132803256477e-4,-0.006173427520090702,0.001411695472495994,0.02,0,0.254,TRUE,FALSE,EQUIVALENT TO ZERO: any true added value is smaller than the pre-specified SESOI,0.0053420937663664035,0.962,0,FALSE,TRUE
3,cindex_adjusted,collectri_edgeperm__viper,cindex_adjusted:collectri_edgeperm__viper,1000,-0.0017720391080029458,-0.004788124679351741,9.734170993500031e-4,-0.005427737900452553,0.0015004191871347602,0.02,0,0.29,TRUE,FALSE,EQUIVALENT TO ZERO: any true added value is smaller than the pre-specified SESOI,0.005032051701881873,0.962,0,FALSE,TRUE
3,cindex_adjusted,dorothea_AB__consensus,cindex_adjusted:dorothea_AB__consensus,1000,-2.70059060461204e-4,-0.002650343953631978,0.0019964973340126143,-0.0034159825274739375,0.002607496399625347,0.02,0,0.896,TRUE,FALSE,EQUIVALENT TO ZERO: any true added value is smaller than the pre-specified SESOI,0.004028080021236782,0.962,0,FALSE,TRUE
3,cindex_adjusted,dorothea_AB__mlm,cindex_adjusted:dorothea_AB__mlm,1000,-3.179098040107187e-4,-0.0026660042160596975,0.0017931108842550547,-0.003260746010466936,0.0021747475947011294,0.02,0,0.828,TRUE,FALSE,EQUIVALENT TO ZERO: any true added value is smaller than the pre-specified SESOI,0.0038497605276129783,0.962,0,FALSE,TRUE
3,cindex_adjusted,dorothea_AB__norm_wsum,cindex_adjusted:dorothea_AB__norm_wsum,1000,-4.111217973286313e-4,-0.0029043386327935127,0.0019468956831578564,-0.0037898419867108653,0.002763033139779366,0.02,0,0.786,TRUE,FALSE,EQUIVALENT TO ZERO: any true added value is smaller than the pre-specified SESOI,0.004267108634505379,0.962,0,FALSE,TRUE
3,cindex_adjusted,dorothea_AB__ulm,cindex_adjusted:dorothea_AB__ulm,1000,-5.133233605397961e-4,-0.0030194095686008056,0.0018850973887098324,-0.003790063418304815,0.0027024292893959765,0.02,0,0.722,TRUE,FALSE,EQUIVALENT TO ZERO: any true added value is smaller than the pre-specified SESOI,0.0043314649174032134,0.962,0,FALSE,TRUE
3,cindex_adjusted,dorothea_AB__viper,cindex_adjusted:dorothea_AB__viper,1000,-6.659619895306641e-4,-0.0031084853796591147,0.0016505457803574972,-0.00401165622059334,0.0022470155286448373,0.02,0,0.62,TRUE,FALSE,EQUIVALENT TO ZERO: any true added value is smaller than the pre-specified SESOI,0.004174188774165594,0.962,0,FALSE,TRUE
3,cindex_adjusted,dorothea_AB_edgeperm__consensus,cindex_adjusted:dorothea_AB_edgeperm__consensus,1000,-0.0012981228311519694,-0.004264788394933956,0.0014172750053914513,-0.0051843470415364025,0.002253681931711818,0.02,0,0.438,TRUE,FALSE,EQUIVALENT TO ZERO: any true added value is smaller than the pre-specified SESOI,0.005056590529465374,0.962,0,FALSE,TRUE
3,cindex_adjusted,dorothea_AB_edgeperm__mlm,cindex_adjusted:dorothea_AB_edgeperm__mlm,1000,-7.692704728070864e-4,-0.002826701904534451,0.0013115739791649576,-0.0033627023881966063,0.001666235870578092,0.02,0,0.518,TRUE,FALSE,EQUIVALENT TO ZERO: any true added value is smaller than the pre-specified SESOI,0.0035357428535667122,0.962,0,FALSE,TRUE
3,cindex_adjusted,dorothea_AB_edgeperm__norm_wsum,cindex_adjusted:dorothea_AB_edgeperm__norm_wsum,1000,-0.003167681846923734,-0.006285844471814494,-5.864391130287588e-4,-0.007314226882313052,3.431258909038149e-5,0.02,0,0.052,TRUE,FALSE,EQUIVALENT TO ZERO: any true added value is smaller than the pre-specified SESOI,0.005178035541823777,0.962,0,FALSE,TRUE
3,cindex_adjusted,dorothea_AB_edgeperm__ulm,cindex_adjusted:dorothea_AB_edgeperm__ulm,1000,-0.002703001746422007,-0.005950928534215599,0.00014498778817299889,-0.0070603890679161955,7.714360064181882e-4,0.02,0,0.118,TRUE,FALSE,EQUIVALENT TO ZERO: any true added value is smaller than the pre-specified SESOI,0.005372831091759269,0.962,0,FALSE,TRUE
3,cindex_adjusted,dorothea_AB_edgeperm__viper,cindex_adjusted:dorothea_AB_edgeperm__viper,1000,-0.0023424038996936528,-0.005627334534027239,6.386607185761723e-4,-0.006467790552304258,0.0012240802096570023,0.02,0,0.186,TRUE,FALSE,EQUIVALENT TO ZERO: any true added value is smaller than the pre-specified SESOI,0.005426055116322341,0.962,0,FALSE,TRUE
3,cindex_adjusted,dorothea_AC__consensus,cindex_adjusted:dorothea_AC__consensus,1000,6.554403395977925e-5,-0.0024862597784742423,0.002603891798923522,-0.003238712821088324,0.0032117486095404346,0.02,0,0.962,TRUE,FALSE,EQUIVALENT TO ZERO: any true added value is smaller than the pre-specified SESOI,0.00441981136805403,0.962,0,FALSE,TRUE
3,cindex_adjusted,dorothea_AC__mlm,cindex_adjusted:dorothea_AC__mlm,1000,-1.3987640997844696e-4,-0.0022362236539424153,0.0018722586908324675,-0.002589117341629421,0.002313112503588504,0.02,0,0.916,TRUE,FALSE,EQUIVALENT TO ZERO: any true added value is smaller than the pre-specified SESOI,0.003391872154998617,0.962,0,FALSE,TRUE
3,cindex_adjusted,dorothea_AC__norm_wsum,cindex_adjusted:dorothea_AC__norm_wsum,1000,-2.111962231508171e-4,-0.002894324058693753,0.002383118101829505,-0.0036909309644980433,0.003234459101087383,0.02,0,0.908,TRUE,FALSE,EQUIVALENT TO ZERO: any true added value is smaller than the pre-specified SESOI,0.004611447174488633,0.962,0,FALSE,TRUE
3,cindex_adjusted,dorothea_AC__ulm,cindex_adjusted:dorothea_AC__ulm,1000,-2.111962231508171e-4,-0.002894324058693753,0.002383118101829505,-0.0036909309644980433,0.003234459101087383,0.02,0,0.908,TRUE,FALSE,EQUIVALENT TO ZERO: any true added value is smaller than the pre-specified SESOI,0.004611447174488633,0.962,0,FALSE,TRUE
3,cindex_adjusted,dorothea_AC__viper,cindex_adjusted:dorothea_AC__viper,1000,-1.0299672098682278e-4,-0.0028233360682134,0.0024719109435510974,-0.0035338975649507024,0.0033427549791139152,0.02,0,0.956,TRUE,FALSE,EQUIVALENT TO ZERO: any true added value is smaller than the pre-specified SESOI,0.004627605706846642,0.962,0,FALSE,TRUE
3,cindex_adjusted,dorothea_AC_edgeperm__consensus,cindex_adjusted:dorothea_AC_edgeperm__consensus,1000,-6.349420418354133e-4,-0.0032228897606187525,0.0016408115821633868,-0.0038455257644864267,0.002099809896007312,0.02,0,0.668,TRUE,FALSE,EQUIVALENT TO ZERO: any true added value is smaller than the pre-specified SESOI,0.004147193617683665,0.962,0,FALSE,TRUE
3,cindex_adjusted,dorothea_AC_edgeperm__mlm,cindex_adjusted:dorothea_AC_edgeperm__mlm,1000,5.628513988672173e-4,-0.0020881088756507624,0.0031789926420879573,-0.002789533833980282,0.0037114852332492698,0.02,0,0.69,TRUE,FALSE,EQUIVALENT TO ZERO: any true added value is smaller than the pre-specified SESOI,0.004520321534980834,0.962,0,FALSE,TRUE
3,cindex_adjusted,dorothea_AC_edgeperm__norm_wsum,cindex_adjusted:dorothea_AC_edgeperm__norm_wsum,1000,-6.716492492702499e-4,-0.0032824868765279347,0.0017497651778500816,-0.003916653737719817,0.0022369041355725676,0.02,0,0.64,TRUE,FALSE,EQUIVALENT TO ZERO: any true added value is smaller than the pre-specified SESOI,0.004280096372723976,0.962,0,FALSE,TRUE
3,cindex_adjusted,dorothea_AC_edgeperm__ulm,cindex_adjusted:dorothea_AC_edgeperm__ulm,1000,-7.59775629058318e-4,-0.0031960291002590072,0.0015743482698498284,-0.0037771311182643206,0.0019308064284578733,0.02,0,0.59,TRUE,FALSE,EQUIVALENT TO ZERO: any true added value is smaller than the pre-specified SESOI,0.004101928125352333,0.962,0,FALSE,TRUE
3,cindex_adjusted,dorothea_AC_edgeperm__viper,cindex_adjusted:dorothea_AC_edgeperm__viper,1000,-8.372264940264098e-4,-0.003450057351099406,0.0016478370387973272,-0.004262860589820958,0.0021199685489704328,0.02,0,0.548,TRUE,FALSE,EQUIVALENT TO ZERO: any true added value is smaller than the pre-specified SESOI,0.004397585738870674,0.962,0,FALSE,TRUE
3,cindex_cluster_only,collectri__consensus,cindex_cluster_only:collectri__consensus,1000,-0.0029852502949304703,-0.03171547726124077,0.004555719447755972,-0.036870651941607734,0.005924411250926305,0.02,0.065,0.692,FALSE,FALSE,"INCONCLUSIVE: cannot exclude zero, and cannot exclude a meaningful effect either -- underpowered",0.028804751748630456,0.99,0.12452941176470587,FALSE,FALSE
3,cindex_cluster_only,collectri__norm_wsum,cindex_cluster_only:collectri__norm_wsum,1000,-0.004627285840135181,-0.03397707712696456,0.0026729941389630617,-0.038152267583469006,0.004106196943282682,0.02,0.066,0.39,FALSE,FALSE,"INCONCLUSIVE: cannot exclude zero, and cannot exclude a meaningful effect either -- underpowered",0.02711248389067747,0.99,0.12452941176470587,FALSE,FALSE
3,cindex_cluster_only,collectri__ulm,cindex_cluster_only:collectri__ulm,1000,-0.0018643380607451256,-0.007854655502563774,0.004247511622052434,-0.03277097954792435,0.007565252226182022,0.02,0.035,0.668,TRUE,FALSE,EQUIVALENT TO ZERO: any true added value is smaller than the pre-specified SESOI,0.02520893214515447,0.99,0.12452941176470587,FALSE,FALSE
3,cindex_cluster_only,collectri__viper,cindex_cluster_only:collectri__viper,1000,-0.0041852829651211594,-0.03450391899390113,0.005406003586706312,-0.03721860322633083,0.007073801027359998,0.02,0.115,0.776,FALSE,FALSE,"INCONCLUSIVE: cannot exclude zero, and cannot exclude a meaningful effect either -- underpowered",0.03222349469150787,0.99,0.15818181818181817,FALSE,FALSE
3,cindex_cluster_only,collectri_edgeperm__consensus,cindex_cluster_only:collectri_edgeperm__consensus,1000,-0.007009411038487687,-0.039726034800570666,0.003910325739955475,-0.04308659121571095,0.005485754511303431,0.02,0.112,0.4,FALSE,FALSE,"INCONCLUSIVE: cannot exclude zero, and cannot exclude a meaningful effect either -- underpowered",0.035196683137915206,0.99,0.15818181818181817,FALSE,FALSE
3,cindex_cluster_only,collectri_edgeperm__mlm,cindex_cluster_only:collectri_edgeperm__mlm,1000,-0.0040876694603269965,-0.034251086993487355,0.009015090164442801,-0.036785176986022856,0.010014205686133548,0.02,0.202,0.802,FALSE,FALSE,"INCONCLUSIVE: cannot exclude zero, and cannot exclude a meaningful effect either -- underpowered",0.03972532594826799,0.99,0.216962962962963,FALSE,FALSE
3,cindex_cluster_only,collectri_edgeperm__norm_wsum,cindex_cluster_only:collectri_edgeperm__norm_wsum,1000,-0.008452839931742612,-0.036612558236520015,0.0014638367299948166,-0.04411925655085409,0.004731488186947472,0.02,0.066,0.156,FALSE,FALSE,"INCONCLUSIVE: cannot exclude zero, and cannot exclude a meaningful effect either -- underpowered",0.030769684573653658,0.99,0.12452941176470587,FALSE,FALSE
3,cindex_cluster_only,collectri_edgeperm__ulm,cindex_cluster_only:collectri_edgeperm__ulm,1000,-0.008359510842366654,-0.03779609869958489,0.0019814892948532576,-0.044808567637345594,0.004704336389685559,0.02,0.072,0.182,FALSE,FALSE,"INCONCLUSIVE: cannot exclude zero, and cannot exclude a meaningful effect either -- underpowered",0.03186200949308012,0.99,0.12452941176470587,FALSE,FALSE
3,cindex_cluster_only,collectri_edgeperm__viper,cindex_cluster_only:collectri_edgeperm__viper,1000,-0.006506217089881551,-0.019913357575680784,0.0030636117743285812,-0.041772401933712566,0.005333586470143131,0.02,0.05,0.234,TRUE,FALSE,EQUIVALENT TO ZERO: any true added value is smaller than the pre-specified SESOI,0.028844090443226316,0.99,0.12452941176470587,FALSE,FALSE
3,cindex_cluster_only,dorothea_AB__consensus,cindex_cluster_only:dorothea_AB__consensus,1000,-0.001147886925223951,-0.033317399204307735,0.007328465274401175,-0.03702936270644874,0.009792678647622321,0.02,0.087,0.816,FALSE,FALSE,"INCONCLUSIVE: cannot exclude zero, and cannot exclude a meaningful effect either -- underpowered",0.0335464547026118,0.99,0.1327894736842105,FALSE,FALSE
3,cindex_cluster_only,dorothea_AB__mlm,cindex_cluster_only:dorothea_AB__mlm,1000,-0.008040911632095669,-0.036649043620478064,0.009422239515824143,-0.03916205635811964,0.01107037445601766,0.02,0.311,0.972,FALSE,FALSE,"INCONCLUSIVE: cannot exclude zero, and cannot exclude a meaningful effect either -- underpowered",0.04681756945342848,0.99,0.311,FALSE,FALSE
3,cindex_cluster_only,dorothea_AB__norm_wsum,cindex_cluster_only:dorothea_AB__norm_wsum,1000,3.58036009429597e-4,-0.00884050179991928,0.008536652016295948,-0.03430038027550378,0.03209312281241528,0.02,0.047,0.85,TRUE,FALSE,EQUIVALENT TO ZERO: any true added value is smaller than the pre-specified SESOI,0.030538605363341124,0.99,0.12452941176470587,FALSE,FALSE
3,cindex_cluster_only,dorothea_AB__ulm,cindex_cluster_only:dorothea_AB__ulm,1000,0.0014600669983457298,-0.0068235748769114755,0.029998841547546964,-0.009778741346809042,0.03605505817096155,0.02,0.062,0.966,FALSE,FALSE,"INCONCLUSIVE: cannot exclude zero, and cannot exclude a meaningful effect either -- underpowered",0.030390571939770742,0.99,0.12452941176470587,FALSE,FALSE
3,cindex_cluster_only,dorothea_AB__viper,cindex_cluster_only:dorothea_AB__viper,1000,-3.010884888750649e-4,-0.009690660186585952,0.007907891832465439,-0.03515388105044215,0.03227097455488062,0.02,0.046,0.99,TRUE,FALSE,EQUIVALENT TO ZERO: any true added value is smaller than the pre-specified SESOI,0.030474263573028997,0.99,0.12452941176470587,FALSE,FALSE
3,cindex_cluster_only,dorothea_AB_edgeperm__consensus,cindex_cluster_only:dorothea_AB_edgeperm__consensus,1000,-0.0031976288956413823,-0.013662820145646903,0.027664555139232046,-0.0160786906377578,0.031843251834069816,0.02,0.073,0.378,FALSE,FALSE,"INCONCLUSIVE: cannot exclude zero, and cannot exclude a meaningful effect either -- underpowered",0.032043178003917996,0.99,0.12452941176470587,FALSE,FALSE
3,cindex_cluster_only,dorothea_AB_edgeperm__mlm,cindex_cluster_only:dorothea_AB_edgeperm__mlm,1000,-0.0016288926237212184,-0.007718342857662708,0.004815740145602319,-0.030256157907621737,0.031002950291290625,0.02,0.036,0.58,TRUE,FALSE,EQUIVALENT TO ZERO: any true added value is smaller than the pre-specified SESOI,0.026794577143617417,0.99,0.12452941176470587,FALSE,FALSE
3,cindex_cluster_only,dorothea_AB_edgeperm__norm_wsum,cindex_cluster_only:dorothea_AB_edgeperm__norm_wsum,1000,-0.010646887940034202,-0.021776784678392377,0.0010463837507197265,-0.04409675770780983,0.023132772637965263,0.02,0.073,0.122,FALSE,FALSE,"INCONCLUSIVE: cannot exclude zero, and cannot exclude a meaningful effect either -- underpowered",0.03160625885851769,0.99,0.12452941176470587,FALSE,FALSE
3,cindex_cluster_only,dorothea_AB_edgeperm__ulm,cindex_cluster_only:dorothea_AB_edgeperm__ulm,1000,-0.009900105246750578,-0.021382181680690903,0.013899601946445258,-0.04384667049073893,0.025472027994233832,0.02,0.068,0.138,FALSE,FALSE,"INCONCLUSIVE: cannot exclude zero, and cannot exclude a meaningful effect either -- underpowered",0.03271733831691639,0.99,0.12452941176470587,FALSE,FALSE
3,cindex_cluster_only,dorothea_AB_edgeperm__viper,cindex_cluster_only:dorothea_AB_edgeperm__viper,1000,-0.008777286468360623,-0.020520973309587298,0.020695938010149167,-0.025746160068926757,0.02603248599175213,0.02,0.056,0.172,FALSE,FALSE,"INCONCLUSIVE: cannot exclude zero, and cannot exclude a meaningful effect either -- underpowered",0.03309734344646861,0.99,0.12452941176470587,FALSE,FALSE
3,cindex_cluster_only,dorothea_AC__consensus,cindex_cluster_only:dorothea_AC__consensus,1000,4.458880599010191e-4,-0.030469714270931467,0.009616194963744397,-0.03410812069262749,0.02627457055766826,0.02,0.08,0.652,FALSE,FALSE,"INCONCLUSIVE: cannot exclude zero, and cannot exclude a meaningful effect either -- underpowered",0.03315187447726224,0.99,0.1288888888888889,FALSE,FALSE
3,cindex_cluster_only,dorothea_AC__mlm,cindex_cluster_only:dorothea_AC__mlm,1000,-0.0026364683694788454,-0.0327884022820961,0.007408624240150121,-0.03567993114175802,0.008728408325338511,0.02,0.129,0.85,FALSE,FALSE,"INCONCLUSIVE: cannot exclude zero, and cannot exclude a meaningful effect either -- underpowered",0.03341749494840233,0.99,0.16265217391304349,FALSE,FALSE
3,cindex_cluster_only,dorothea_AC__norm_wsum,cindex_cluster_only:dorothea_AC__norm_wsum,1000,2.6184509613230277e-4,-0.026262987385614448,0.008968791351123669,-0.034413401686407045,0.0319493405016822,0.02,0.055,0.826,FALSE,FALSE,"INCONCLUSIVE: cannot exclude zero, and cannot exclude a meaningful effect either -- underpowered",0.03152691615647674,0.99,0.12452941176470587,FALSE,FALSE
3,cindex_cluster_only,dorothea_AC__ulm,cindex_cluster_only:dorothea_AC__ulm,1000,2.6184509613230277e-4,-0.026262987385614448,0.008968791351123669,-0.034413401686407045,0.0319493405016822,0.02,0.055,0.826,FALSE,FALSE,"INCONCLUSIVE: cannot exclude zero, and cannot exclude a meaningful effect either -- underpowered",0.03152691615647674,0.99,0.12452941176470587,FALSE,FALSE
3,cindex_cluster_only,dorothea_AC__viper,cindex_cluster_only:dorothea_AC__viper,1000,5.465699941863494e-4,-0.02691665516969004,0.0096834681320574,-0.03406517474027273,0.03151003464948904,0.02,0.058,0.748,FALSE,FALSE,"INCONCLUSIVE: cannot exclude zero, and cannot exclude a meaningful effect either -- underpowered",0.03177660087905151,0.99,0.12452941176470587,FALSE,FALSE
3,cindex_cluster_only,dorothea_AC_edgeperm__consensus,cindex_cluster_only:dorothea_AC_edgeperm__consensus,1000,-0.0037906755936928365,-0.033844981835556495,0.007715597459533804,-0.03679532096255225,0.00903112734547534,0.02,0.147,0.984,FALSE,FALSE,"INCONCLUSIVE: cannot exclude zero, and cannot exclude a meaningful effect either -- underpowered",0.03558366034908764,0.99,0.17400000000000002,FALSE,FALSE
3,cindex_cluster_only,dorothea_AC_edgeperm__mlm,cindex_cluster_only:dorothea_AC_edgeperm__mlm,1000,-0.004777856889411522,-0.03404461476734549,0.013403815104545257,-0.03631047022038519,0.014821788241894134,0.02,0.283,0.852,FALSE,FALSE,"INCONCLUSIVE: cannot exclude zero, and cannot exclude a meaningful effect either -- underpowered",0.04592192398688748,0.99,0.29310714285714284,FALSE,FALSE
3,cindex_cluster_only,dorothea_AC_edgeperm__norm_wsum,cindex_cluster_only:dorothea_AC_edgeperm__norm_wsum,1000,-0.004078239617476421,-0.03442947455701044,0.007685674143933318,-0.03622240738346612,0.009230530596102763,0.02,0.156,0.988,FALSE,FALSE,"INCONCLUSIVE: cannot exclude zero, and cannot exclude a meaningful effect either -- underpowered",0.03630521310764211,0.99,0.17400000000000002,FALSE,FALSE
3,cindex_cluster_only,dorothea_AC_edgeperm__ulm,cindex_cluster_only:dorothea_AC_edgeperm__ulm,1000,-0.00341791546591644,-0.03408243189198204,0.0067284147050225545,-0.036369435197752424,0.008331648650185784,0.02,0.12,0.97,FALSE,FALSE,"INCONCLUSIVE: cannot exclude zero, and cannot exclude a meaningful effect either -- underpowered",0.033202566544195594,0.99,0.15818181818181817,FALSE,FALSE
3,cindex_cluster_only,dorothea_AC_edgeperm__viper,cindex_cluster_only:dorothea_AC_edgeperm__viper,1000,-0.00439783105973146,-0.03474713825509161,0.007430494829774436,-0.03725384405566244,0.008445588436201865,0.02,0.155,0.958,FALSE,FALSE,"INCONCLUSIVE: cannot exclude zero, and cannot exclude a meaningful effect either -- underpowered",0.03586080602908525,0.99,0.17400000000000002,FALSE,FALSE
3,lrt_over_age_er,collectri__consensus,lrt_over_age_er:collectri__consensus,1000,-3.2631545334506264,-8.017710517270917,0.9575314875228285,-8.999094887449838,1.7154194579749846,3.84,0.384,0.188,FALSE,FALSE,"INCONCLUSIVE: cannot exclude zero, and cannot exclude a meaningful effect either -- underpowered",7.691455333433059,0.5536363636363636,0.5568,FALSE,FALSE
3,lrt_over_age_er,collectri__norm_wsum,lrt_over_age_er:collectri__norm_wsum,1000,-4.050084430623827,-8.937546039525115,0.06609528312810581,-9.900209015808695,0.6581016104609715,3.84,0.484,0.108,FALSE,FALSE,"INCONCLUSIVE: cannot exclude zero, and cannot exclude a meaningful effect either -- underpowered",7.771569569838851,0.44742857142857145,0.6683809523809523,FALSE,FALSE
3,lrt_over_age_er,collectri__ulm,lrt_over_age_er:collectri__ulm,1000,-3.151373488484809,-7.807256171226527,0.7863548817835169,-9.088152530583146,1.606389215277338,3.84,0.37,0.196,FALSE,FALSE,"INCONCLUSIVE: cannot exclude zero, and cannot exclude a meaningful effect either -- underpowered",7.5981663826292145,0.5536363636363636,0.5568,FALSE,FALSE
3,lrt_over_age_er,collectri__viper,lrt_over_age_er:collectri__viper,1000,-2.7433165961160086,-7.654351138879884,1.5713407913378432,-8.521747786668357,2.4840740981715443,3.84,0.331,0.302,FALSE,FALSE,"INCONCLUSIVE: cannot exclude zero, and cannot exclude a meaningful effect either -- underpowered",7.901655725526233,0.7298333333333332,0.5568,FALSE,FALSE
3,lrt_over_age_er,collectri_edgeperm__consensus,lrt_over_age_er:collectri_edgeperm__consensus,1000,-4.345651166761934,-11.134551176599233,1.1590245600322302,-12.046718555530607,2.110682106515874,3.84,0.517,0.21,FALSE,FALSE,"INCONCLUSIVE: cannot exclude zero, and cannot exclude a meaningful effect either -- underpowered",10.40158168819774,0.5536363636363636,0.6815,FALSE,FALSE
3,lrt_over_age_er,collectri_edgeperm__mlm,lrt_over_age_er:collectri_edgeperm__mlm,1000,0.499361652587384,-3.4628453923884988,4.699589480028315,-4.089722574529423,5.510944740292734,3.84,0.098,0.854,FALSE,FALSE,"INCONCLUSIVE: cannot exclude zero, and cannot exclude a meaningful effect either -- underpowered",6.894246062205914,0.952,0.4126923076923077,FALSE,FALSE
3,lrt_over_age_er,collectri_edgeperm__norm_wsum,lrt_over_age_er:collectri_edgeperm__norm_wsum,1000,-6.2002063987746405,-13.20623366353766,-0.5877192082165499,-15.223956632874614,0.8279701444049783,3.84,0.714,0.08,FALSE,FALSE,"INCONCLUSIVE: cannot exclude zero, and cannot exclude a meaningful effect either -- underpowered",11.15903509036431,0.44742857142857145,0.7808518518518519,FALSE,FALSE
3,lrt_over_age_er,collectri_edgeperm__ulm,lrt_over_age_er:collectri_edgeperm__ulm,1000,-5.793389868739291,-12.656412001728949,-0.22709199516257536,-14.83528961946322,1.1447776822919404,3.84,0.67,0.094,FALSE,FALSE,"INCONCLUSIVE: cannot exclude zero, and cannot exclude a meaningful effect either -- underpowered",11.156131418744437,0.44742857142857145,0.7772,FALSE,FALSE
3,lrt_over_age_er,collectri_edgeperm__viper,lrt_over_age_er:collectri_edgeperm__viper,1000,-5.539658447281395,-12.558843250950758,-0.028929248022087916,-13.685919233625555,0.8889034051807355,3.84,0.635,0.098,FALSE,FALSE,"INCONCLUSIVE: cannot exclude zero, and cannot exclude a meaningful effect either -- underpowered",10.542676452034176,0.44742857142857145,0.7672916666666666,FALSE,FALSE
3,lrt_over_age_er,dorothea_AB__consensus,lrt_over_age_er:dorothea_AB__consensus,1000,-0.16115826430858943,-5.386483057656733,5.140535645991984,-6.296452792838499,6.091157167592468,3.84,0.104,0.952,FALSE,FALSE,"INCONCLUSIVE: cannot exclude zero, and cannot exclude a meaningful effect either -- underpowered",8.761447976571455,0.952,0.4126923076923077,FALSE,FALSE
3,lrt_over_age_er,dorothea_AB__mlm,lrt_over_age_er:dorothea_AB__mlm,1000,0.19613658944724557,-4.9909730610914265,5.23205175171006,-6.161431388367283,6.2364473165774585,3.84,0.11,0.936,FALSE,FALSE,"INCONCLUSIVE: cannot exclude zero, and cannot exclude a meaningful effect either -- underpowered",8.718135559399201,0.952,0.4126923076923077,FALSE,FALSE
3,lrt_over_age_er,dorothea_AB__norm_wsum,lrt_over_age_er:dorothea_AB__norm_wsum,1000,-0.7272619723571061,-6.211527799075793,4.996028756113718,-7.32394916188764,6.284953375823578,3.84,0.151,0.78,FALSE,FALSE,"INCONCLUSIVE: cannot exclude zero, and cannot exclude a meaningful effect either -- underpowered",9.355703665550612,0.952,0.4126923076923077,FALSE,FALSE
3,lrt_over_age_er,dorothea_AB__ulm,lrt_over_age_er:dorothea_AB__ulm,1000,-1.2498647622559946,-6.894669166717903,4.467917157902319,-8.097985693510783,5.7731727276642175,3.84,0.205,0.67,FALSE,FALSE,"INCONCLUSIVE: cannot exclude zero, and cannot exclude a meaningful effect either -- underpowered",9.645172517937315,0.952,0.42464285714285716,FALSE,FALSE
3,lrt_over_age_er,dorothea_AB__viper,lrt_over_age_er:dorothea_AB__viper,1000,-1.1061914602621763,-6.666649488688108,4.397287641242564,-7.746329509244197,5.910138749987253,3.84,0.179,0.71,FALSE,FALSE,"INCONCLUSIVE: cannot exclude zero, and cannot exclude a meaningful effect either -- underpowered",9.183452082670575,0.952,0.4126923076923077,FALSE,FALSE
3,lrt_over_age_er,dorothea_AB_edgeperm__consensus,lrt_over_age_er:dorothea_AB_edgeperm__consensus,1000,-4.738498887435437,-11.406932630397206,0.6944195037141973,-12.918752984575713,2.075183586792171,3.84,0.57,0.18,FALSE,FALSE,"INCONCLUSIVE: cannot exclude zero, and cannot exclude a meaningful effect either -- underpowered",10.573362554337924,0.5536363636363636,0.718695652173913,FALSE,FALSE
3,lrt_over_age_er,dorothea_AB_edgeperm__mlm,lrt_over_age_er:dorothea_AB_edgeperm__mlm,1000,-2.2614315977280457,-6.914963578524385,1.9954648911788333,-7.976876554341743,2.9764875596943945,3.84,0.274,0.392,FALSE,FALSE,"INCONCLUSIVE: cannot exclude zero, and cannot exclude a meaningful effect either -- underpowered",7.619606885478604,0.8744615384615385,0.49662500000000004,FALSE,FALSE
3,lrt_over_age_er,dorothea_AB_edgeperm__norm_wsum,lrt_over_age_er:dorothea_AB_edgeperm__norm_wsum,1000,-7.952850543650436,-15.480420911543206,-1.7790050269413804,-17.472011506490528,-0.9903252461458578,3.84,0.832,0.022,FALSE,FALSE,"INCONCLUSIVE: cannot exclude zero, and cannot exclude a meaningful effect either -- underpowered",11.80116266066995,0.44742857142857145,0.832,FALSE,FALSE
3,lrt_over_age_er,dorothea_AB_edgeperm__ulm,lrt_over_age_er:dorothea_AB_edgeperm__ulm,1000,-7.254759912537762,-14.830951323670433,-1.1865590328455278,-16.75220840154757,-0.17385211537812437,3.84,0.791,0.048,FALSE,FALSE,"INCONCLUSIVE: cannot exclude zero, and cannot exclude a meaningful effect either -- underpowered",11.889418259277365,0.44742857142857145,0.8192500000000001,FALSE,FALSE
3,lrt_over_age_er,dorothea_AB_edgeperm__viper,lrt_over_age_er:dorothea_AB_edgeperm__viper,1000,-6.515677211093537,-13.987359282717172,-0.5780413531319031,-15.712356105457184,0.5552096714731729,3.84,0.727,0.068,FALSE,FALSE,"INCONCLUSIVE: cannot exclude zero, and cannot exclude a meaningful effect either -- underpowered",11.641134507789662,0.44742857142857145,0.7808518518518519,FALSE,FALSE
3,lrt_over_age_er,dorothea_AC__consensus,lrt_over_age_er:dorothea_AC__consensus,1000,0.4371523646476471,-5.382270881747808,6.642455301143217,-6.830542009054306,7.898274336580926,3.84,0.165,0.93,FALSE,FALSE,"INCONCLUSIVE: cannot exclude zero, and cannot exclude a meaningful effect either -- underpowered",10.267569878263975,0.952,0.4126923076923077,FALSE,FALSE
3,lrt_over_age_er,dorothea_AC__mlm,lrt_over_age_er:dorothea_AC__mlm,1000,-0.23348656544136065,-4.4691005488900375,4.094538419632227,-5.891174822478569,5.242505866628605,3.84,0.078,0.904,FALSE,FALSE,"INCONCLUSIVE: cannot exclude zero, and cannot exclude a meaningful effect either -- underpowered",7.379765295028408,0.952,0.4126923076923077,FALSE,FALSE
3,lrt_over_age_er,dorothea_AC__norm_wsum,lrt_over_age_er:dorothea_AC__norm_wsum,1000,-0.4384518500375871,-6.518474829516345,5.761476479992778,-7.804704189300037,7.079864279914817,3.84,0.165,0.884,FALSE,FALSE,"INCONCLUSIVE: cannot exclude zero, and cannot exclude a meaningful effect either -- underpowered",10.53439021170862,0.952,0.4126923076923077,FALSE,FALSE
3,lrt_over_age_er,dorothea_AC__ulm,lrt_over_age_er:dorothea_AC__ulm,1000,-0.4384518500372833,-6.518474829509432,5.761476479996143,-7.80470418929649,7.079864279911497,3.84,0.165,0.884,FALSE,FALSE,"INCONCLUSIVE: cannot exclude zero, and cannot exclude a meaningful effect either -- underpowered",10.534390211707873,0.952,0.4126923076923077,FALSE,FALSE
3,lrt_over_age_er,dorothea_AC__viper,lrt_over_age_er:dorothea_AC__viper,1000,-0.17064385842700358,-6.283376577167564,5.950671471043186,-7.4477441695240945,7.457072288440209,3.84,0.15,0.95,FALSE,FALSE,"INCONCLUSIVE: cannot exclude zero, and cannot exclude a meaningful effect either -- underpowered",10.56142203973997,0.952,0.4126923076923077,FALSE,FALSE
3,lrt_over_age_er,dorothea_AC_edgeperm__consensus,lrt_over_age_er:dorothea_AC_edgeperm__consensus,1000,-0.5756545344793758,-6.302511133580538,4.98347905483497,-7.10630151388982,6.193698265176362,3.84,0.16,0.866,FALSE,FALSE,"INCONCLUSIVE: cannot exclude zero, and cannot exclude a meaningful effect either -- underpowered",9.496887615964752,0.952,0.4126923076923077,FALSE,FALSE
3,lrt_over_age_er,dorothea_AC_edgeperm__mlm,lrt_over_age_er:dorothea_AC_edgeperm__mlm,1000,2.746190963552639,-3.1926150674319613,9.201003613969624,-4.37765043052841,10.86530664785491,3.84,0.362,0.468,FALSE,FALSE,"INCONCLUSIVE: cannot exclude zero, and cannot exclude a meaningful effect either -- underpowered",10.761042843022572,0.952,0.5568,FALSE,FALSE
3,lrt_over_age_er,dorothea_AC_edgeperm__norm_wsum,lrt_over_age_er:dorothea_AC_edgeperm__norm_wsum,1000,-0.764423580129449,-6.396446821846984,4.836985826354612,-7.403911227556591,6.104387720757859,3.84,0.163,0.79,FALSE,FALSE,"INCONCLUSIVE: cannot exclude zero, and cannot exclude a meaningful effect either -- underpowered",9.559060767221814,0.952,0.4126923076923077,FALSE,FALSE
3,lrt_over_age_er,dorothea_AC_edgeperm__ulm,lrt_over_age_er:dorothea_AC_edgeperm__ulm,1000,-1.1194415072261727,-6.599233404142706,4.421091779483867,-7.659248351561246,5.508265922240298,3.84,0.185,0.718,FALSE,FALSE,"INCONCLUSIVE: cannot exclude zero, and cannot exclude a meaningful effect either -- underpowered",9.301217506884566,0.952,0.4126923076923077,FALSE,FALSE
3,lrt_over_age_er,dorothea_AC_edgeperm__viper,lrt_over_age_er:dorothea_AC_edgeperm__viper,1000,-1.465549299033557,-7.240516923682572,4.2679469427703225,-8.831189483854814,5.4648530739545995,3.84,0.23,0.656,FALSE,FALSE,"INCONCLUSIVE: cannot exclude zero, and cannot exclude a meaningful effect either -- underpowered",9.961732930873199,0.952,0.4446666666666667,FALSE,FALSE
