model,k,term,estimate,std.error,statistic,p.value,conf.low,conf.high
T4_no_content_adjustment,2,clSNF_C2,1.422513938642211,0.09791755047845851,3.5992085580395674,3.191871310715517e-4,1.1741104690480426,1.7234714781753435
T4_no_content_adjustment,2,periodlate_gt10y,NA,0,NA,NA,NA,NA
T4_no_content_adjustment,2,erPositive,0.5833539883505149,0.11021155646560585,-4.890241187428197,1.007124989557804e-6,0.47002388138503776,0.7240097561036086
T4_no_content_adjustment,2,age,1.04082752997479,0.0027489705882832336,14.556757653119494,5.2908361417686523e-48,1.035234752803336,1.0464505217003872
T4_no_content_adjustment,2,clSNF_C2:periodlate_gt10y,0.5659230629925901,0.18249697941527568,-3.1194880208481433,0.0018116562722279342,0.3957452241782896,0.8092805513747117
T4_no_content_adjustment,2,periodlate_gt10y:erPositive,2.2698362148662787,0.22874853017878627,3.5834445633738934,3.3909275699687825e-4,1.4497176251354584,3.5539034312541165
T5_adjusted_for_stromal_immune,2,clSNF_C2,1.5876675567463552,0.11327611104465665,4.08087803781928,4.486589372532743e-5,1.2715655982949439,1.9823501627638869
T5_adjusted_for_stromal_immune,2,periodlate_gt10y,NA,0,NA,NA,NA,NA
T5_adjusted_for_stromal_immune,2,erPositive,0.5887516795609538,0.11033756379526699,-4.801182504637138,1.5773143347365917e-6,0.4742558039488811,0.7308894004030074
T5_adjusted_for_stromal_immune,2,age,1.0408131221373949,0.0027716830560652085,14.432478414400821,3.232532109559187e-47,1.0351743399328892,1.046482619810323
T5_adjusted_for_stromal_immune,2,stromal_z,1.0225690718155622,0.037668548675394674,0.5924878801006671,0.5535239342725771,0.9497933539540908,1.1009210606502968
T5_adjusted_for_stromal_immune,2,immune_z,0.9174613584484529,0.04502522932296901,-1.9132565756606104,0.05571521392825277,0.8399670249380276,1.0021052246761513
T5_adjusted_for_stromal_immune,2,clSNF_C2:periodlate_gt10y,0.503889120500549,0.2108009392597659,-3.251404080682691,0.0011483651730249925,0.33335033566387284,0.7616738865829016
T5_adjusted_for_stromal_immune,2,periodlate_gt10y:erPositive,2.2568403204969893,0.22914741894373336,3.552148876575822,3.820986039640712e-4,1.4402908300255755,3.5363192808292125
T5_adjusted_for_stromal_immune,2,periodlate_gt10y:stromal_z,1.0005460068839978,0.06589501075030975,0.008283751231854713,0.9933905983767698,0.8793203583539339,1.138484174033606
T5_adjusted_for_stromal_immune,2,periodlate_gt10y:immune_z,1.0939040323405493,0.08628615191351204,1.0401782482153048,0.2982570952847597,0.9237029222322637,1.295466327073093
T6_adjusted_for_content_and_subtype,2,clSNF_C2,1.3915692265329864,0.1297741366435077,2.546208812227303,0.010890002446977118,1.079048264856083,1.7946045374456796
T6_adjusted_for_content_and_subtype,2,periodlate_gt10y,NA,0,NA,NA,NA,NA
T6_adjusted_for_content_and_subtype,2,erPositive,0.5970464735224176,0.1221221595629403,-4.2233147969948375,2.4073520220839156e-5,0.46995639838229736,0.7585054544902275
T6_adjusted_for_content_and_subtype,2,age,1.0402472542432455,0.0027964243399371835,14.110315375845275,3.281073621892789e-45,1.0345613685318789,1.0459643892331045
T6_adjusted_for_content_and_subtype,2,stromal_z,1.0869341376326098,0.0398681403676174,2.0909180759460466,0.036535408441278304,1.0052345487252292,1.1752737916234075
T6_adjusted_for_content_and_subtype,2,immune_z,0.9825921338193724,0.04873367879477653,-0.3603496635149125,0.7185856642333467,0.8930815150440363,1.0810741070999559
T6_adjusted_for_content_and_subtype,2,subtypeclaudin-low,0.5550375124120414,0.17834804522304115,-3.3009589583779477,9.635497633836333e-4,0.39130212352328286,0.787285888997269
T6_adjusted_for_content_and_subtype,2,subtypeHer2,1.1152453291542026,0.14326918502441166,0.7613249620884004,0.4464629945142538,0.8422081924301887,1.476798914305696
T6_adjusted_for_content_and_subtype,2,subtypeLumA,0.6933460789917437,0.17983116200453436,-2.0364991688895846,0.04170025647360382,0.4873909953688988,0.986330871561074
T6_adjusted_for_content_and_subtype,2,subtypeLumB,1.158043671499286,0.17092737756106677,0.8584469814010001,0.3906456946307153,0.8283832141146643,1.6188946398833197
T6_adjusted_for_content_and_subtype,2,subtypeNormal,0.9729463721025482,0.19015997020777176,-0.14422759067209992,0.885320754509375,0.6702308945361869,1.4123858668774039
T6_adjusted_for_content_and_subtype,2,clSNF_C2:periodlate_gt10y,0.6656624693247841,0.24092054428614917,-1.689239665845877,0.09117351038444269,0.4151281008389308,1.06739708097837
T6_adjusted_for_content_and_subtype,2,periodlate_gt10y:erPositive,1.8704625447535665,0.2444204864976845,2.5619200722032076,0.010409527159581763,1.1585050220001545,3.0199524947122076
T6_adjusted_for_content_and_subtype,2,periodlate_gt10y:stromal_z,0.9506461830845206,0.0700420618342925,-0.7226134063981032,0.46991742939657255,0.8287031653382119,1.0905330197988767
T6_adjusted_for_content_and_subtype,2,periodlate_gt10y:immune_z,1.0323728659575044,0.09011002058276894,0.35356673787285986,0.723663605492996,0.8652364221755819,1.2317948101230425
T6_adjusted_for_content_and_subtype,2,periodlate_gt10y:subtypeclaudin-low,3.015010698247078,0.38478084173901256,2.868134945403692,0.004128993820235366,1.4182827187517966,6.409363514310125
T6_adjusted_for_content_and_subtype,2,periodlate_gt10y:subtypeHer2,1.7259084941212532,0.35921854498376676,1.519280067036251,0.12869201488842977,0.853592098561096,3.489676316241917
T6_adjusted_for_content_and_subtype,2,periodlate_gt10y:subtypeLumA,3.00600550329751,0.3910528225551936,2.814484536663143,0.004885552804969755,1.3967703430884257,6.469258980595971
T6_adjusted_for_content_and_subtype,2,periodlate_gt10y:subtypeLumB,1.9243700003114186,0.38807635649785827,1.6867779514223253,0.09164605659942815,0.8994093216701347,4.117368820707805
T6_adjusted_for_content_and_subtype,2,periodlate_gt10y:subtypeNormal,2.2064792339228814,0.42278935055701206,1.8718497457912415,0.06122739379793138,0.9634316222073589,5.053343171961039
T4_no_content_adjustment,3,clSNF_C2,0.7578403845561943,0.09680022508869592,-2.8644818720590424,0.004176920618807051,0.6268754234033773,0.9161661584150506
T4_no_content_adjustment,3,clSNF_C3,1.3202313959747733,0.11771492954581653,2.359998194687745,0.018275023995599462,1.048216343114146,1.6628351106787624
T4_no_content_adjustment,3,periodlate_gt10y,NA,0,NA,NA,NA,NA
T4_no_content_adjustment,3,erPositive,0.5988930190888987,0.12112027110523925,-4.232753867895308,2.3084710171092043e-5,0.47233648040367754,0.7593587690006071
T4_no_content_adjustment,3,age,1.0397246153890314,0.0027875725811079815,13.974841573024321,2.2200707899087216e-44,1.0340595262444776,1.045420740691757
T4_no_content_adjustment,3,clSNF_C2:periodlate_gt10y,1.2273488900048255,0.15109402196539518,1.355821140890876,0.17515608312962597,0.9127599365771918,1.6503630773332947
T4_no_content_adjustment,3,clSNF_C3:periodlate_gt10y,0.5068301615414238,0.2318493533603669,-2.9311244942450556,0.0033773740286894634,0.32174508738837343,0.7983861221726559
T4_no_content_adjustment,3,periodlate_gt10y:erPositive,1.9722266491033327,0.24929337840155316,2.7243530797055024,0.006442758840207853,1.2099235066274943,3.214813113496188
T5_adjusted_for_stromal_immune,3,clSNF_C2,0.7041502168924464,0.11102221894177114,-3.1593997369288886,0.0015809448686571561,0.5664518940619447,0.8753215112304976
T5_adjusted_for_stromal_immune,3,clSNF_C3,1.3584443233963148,0.13687069716764563,2.238172022950917,0.02520983934256146,1.0388128057493093,1.776423018232415
T5_adjusted_for_stromal_immune,3,periodlate_gt10y,NA,0,NA,NA,NA,NA
T5_adjusted_for_stromal_immune,3,erPositive,0.6091224781792248,0.12193865608763683,-4.0654533500992365,4.793918300677289e-5,0.4796343231670029,0.7735688950976345
T5_adjusted_for_stromal_immune,3,age,1.0400164286482865,0.0027949298130915752,14.038459793132027,9.066163136330725e-45,1.0343348343947458,1.0457292318606561
T5_adjusted_for_stromal_immune,3,stromal_z,1.0893164827834476,0.04206959470322902,2.033545132356446,0.04199747868427337,1.0031003251640775,1.1829428920478187
T5_adjusted_for_stromal_immune,3,immune_z,0.9594263293699141,0.04480320760325896,-0.9244817263596521,0.3552355613181085,0.8787696981502741,1.0474859151672944
T5_adjusted_for_stromal_immune,3,clSNF_C2:periodlate_gt10y,1.2413223802925597,0.1782780228603591,1.212584948103577,0.22528854650931754,0.875253905552928,1.7604962880362793
T5_adjusted_for_stromal_immune,3,clSNF_C3:periodlate_gt10y,0.47098426738089433,0.26210260003276087,-2.8726559294635847,0.004070371542506221,0.28177617061512567,0.787242511089794
T5_adjusted_for_stromal_immune,3,periodlate_gt10y:erPositive,1.955726196110101,0.2510492805022363,2.6718323148889382,0.0075438335384692135,1.1956787695820312,3.198906806289057
T5_adjusted_for_stromal_immune,3,periodlate_gt10y:stromal_z,0.9575665228751096,0.07518676014327977,-0.5766984063476316,0.56414320918564,0.8263611059270528,1.1096040691586835
T5_adjusted_for_stromal_immune,3,periodlate_gt10y:immune_z,1.063693424189332,0.08364244579234272,0.7382282243806927,0.46037577432013027,0.9028589249227101,1.2531788404932522
T6_adjusted_for_content_and_subtype,3,clSNF_C2,0.7685372421206533,0.12167568408997677,-2.1636718819545613,0.03048954046229456,0.6054724509793816,0.9755183602012196
T6_adjusted_for_content_and_subtype,3,clSNF_C3,1.1935313710191089,0.14922207898289738,1.1855916533906987,0.23578360003047097,0.8908729545526024,1.599012660926662
T6_adjusted_for_content_and_subtype,3,periodlate_gt10y,NA,0,NA,NA,NA,NA
T6_adjusted_for_content_and_subtype,3,erPositive,0.6155061279713278,0.12886241377837745,-3.7661127328811674,1.6580894800069437e-4,0.47812835028824824,0.7923558461694675
T6_adjusted_for_content_and_subtype,3,age,1.039943714087528,0.002809108578592145,13.942711548240702,3.4844620048697095e-44,1.0342337754513018,1.045685176930373
T6_adjusted_for_content_and_subtype,3,stromal_z,1.1222982459116073,0.04274686803693347,2.6991120846192533,0.0069524756206485175,1.0321007273253424,1.2203783210582215
T6_adjusted_for_content_and_subtype,3,immune_z,1.012655922003778,0.04970919651843309,0.25300157845711807,0.8002669934400048,0.9186484825961645,1.1162833616959416
T6_adjusted_for_content_and_subtype,3,subtypeclaudin-low,0.577997091424788,0.18164297004336005,-3.0179337098958916,0.0025450456999469954,0.40486559879071543,0.8251642982100064
T6_adjusted_for_content_and_subtype,3,subtypeHer2,1.1028813335012448,0.14480138582727586,0.67627908878909,0.49886346680928034,0.8303737719812841,1.4648189488009258
T6_adjusted_for_content_and_subtype,3,subtypeLumA,0.6694482098243281,0.17843279951441318,-2.2490342270791537,0.024510318550614685,0.4718834112130882,0.9497280366031382
T6_adjusted_for_content_and_subtype,3,subtypeLumB,1.0518044258239359,0.17441805969959182,0.2895754608679318,0.7721410423941338,0.7472571381955629,1.4804710368565177
T6_adjusted_for_content_and_subtype,3,subtypeNormal,1.0701943323262342,0.20006926557098573,0.3390838207255379,0.7345465863902414,0.723041756531084,1.584024572022012
T6_adjusted_for_content_and_subtype,3,clSNF_C2:periodlate_gt10y,1.15305626554746,0.1931445711874604,0.7373546068692861,0.46090673246572406,0.7896698249538757,1.683664120755675
T6_adjusted_for_content_and_subtype,3,clSNF_C3:periodlate_gt10y,0.6402970654189712,0.28296662540530515,-1.5755322556638083,0.11513363916036447,0.3677222283027842,1.1149185456544295
T6_adjusted_for_content_and_subtype,3,periodlate_gt10y:erPositive,1.7226133137635948,0.2595495025626439,2.0953324928405594,0.03614144595383027,1.0357593497747155,2.8649479528241972
T6_adjusted_for_content_and_subtype,3,periodlate_gt10y:stromal_z,0.9370893926341113,0.0768174087129588,-0.8458577210333249,0.3976321206255461,0.8061092879053509,1.0893517082146233
T6_adjusted_for_content_and_subtype,3,periodlate_gt10y:immune_z,1.0228585185757464,0.08972052023425625,0.25190644050674404,0.8011133812878233,0.8579170937956273,1.2195112518322258
T6_adjusted_for_content_and_subtype,3,periodlate_gt10y:subtypeclaudin-low,2.7162514343417943,0.39443658426979006,2.5333673916120594,0.011297247665475577,1.2537903977297418,5.884573584167941
T6_adjusted_for_content_and_subtype,3,periodlate_gt10y:subtypeHer2,1.6750772996515946,0.363837832023988,1.4178275810084329,0.15624110962539636,0.8209855799245817,3.417701879813572
T6_adjusted_for_content_and_subtype,3,periodlate_gt10y:subtypeLumA,2.9053876097847207,0.3917405296680527,2.7226358498166583,0.006476340031519436,1.3481988014900697,6.261151659355446
T6_adjusted_for_content_and_subtype,3,periodlate_gt10y:subtypeLumB,1.9220351867181553,0.39436712876211827,1.65679279552784,0.09756137409118983,0.887310100909179,4.163391417721297
T6_adjusted_for_content_and_subtype,3,periodlate_gt10y:subtypeNormal,1.903211770593927,0.4395121090322983,1.4642210109697005,0.1431335711679512,0.8042178893602643,4.5040219717179575
